CustomerID,Name,Email,Phone,Address
1,Kelly Mclaughlin,dunnjessica@herman.com,937.690.4268,"451 Walter Via, Heatherfurt, NJ 32387"
2,Tonya Ellis,olsonjonathan@yahoo.com,+1-335-658-8043x4165,"5539 White Summit, South Jillian, WA 32227"
3,Christine Harris,eric11@lowe.info,+1-080-759-5794x728,"208 Mendoza Plains, New Michaelburgh, DE 92021"
4,Emily Smith,ucarpenter@salazar-green.net,347-955-2763x655,"2929 Lisa Stravenue Suite 386, Gonzalezberg, AL 23649"
5,Chad Barry,jevans@hotmail.com,6120347175,"845 Robert Keys Apt. 998, Port Justin, TX 67405"
6,Dr. Steve James,jwelch@gmail.com,+1-569-961-1253x5544,"7598 Gutierrez Ferry Apt. 234, East Garrettville, CA 62522"
7,Allison Sanders,,228.200.5577x848,"979 Mills Route, Reginafort, IN 12239"
8,Jacob Green,smithlisa@gmail.com,(478)077-4064x930,"8663 Jennifer Rue, Claytonbury, CO 55844"
9,Kellie Marsh,deborah84@yahoo.com,122.417.9749,"20802 Julian Crossroad Suite 031, North Tristan, MT 41339"
10,KATHLEEN WATSON,christopher20@rowe-jones.info,(346)013-6730,"376 Mayer Estate, Lake Sharonhaven, KS 63576"
11,Christina Clay,youngryan@jackson.org,630-097-9251,
12,Michael Howard,,,"570 Gross Brook Suite 935, Lake Tammyfurt, NC 90052"
13,Mr. Louis Morris DDS,millscarl@white.com,731-096-7899,"91037 Taylor Route Apt. 586, Lauraton, RI 35341"
14,Morgan Davenport,susandavis@hall.com,001-288-619-5761,"685 Amanda Rapid, Mahoneymouth, MD 49223"
15,Mark Mckenzie,annalewis@hotmail.com,001-457-760-0490x8240,"50488 Clinton Mount, Ericview, OR 33250"
16,Robert Davis,jessicacummings@yahoo.com,(791)940-9610,"PSC 5566, Box 1390, APO AP 83363"
17,Eric Williams,wayne32@nunez.info,001-998-136-4622x51790,"68622 Hansen Oval Suite 938, East Charles, NE 42891"
18,Laura Rodriguez,mdiaz@yahoo.com,(904)259-7927x033,"110 Stacy Drive, Alexanderville, NV 62260"
19,Daniel Medina,ana92@hale.net,4204394070,"510 Dillon Run Suite 368, West Toddside, HI 26567"
20,Judith House,wrightalyssa@burns-garner.com,(554)384-0460x843,
21,MELINDA HARRIS,haley82@forbes-daugherty.com,,"31220 Obrien Ridge Apt. 933, West Christopherfort, NY 79761"
22,Matthew White,kwells@gmail.com,060.463.3312,"PSC 7975, Box 7366, APO AE 80183"
23,Jamie Edwards,hayesmargaret@rich.net,+1-608-680-3476,"2649 Hannah Divide Suite 718, East Kimberlyside, MO 54707"
24,Alexander Chavez,udavis@wong.com,175-186-8926,"59222 Kayla Center, Parkermouth, SC 24185"
25,Carlos Harris,ellismelissa@hotmail.com,9733977671,"84983 Jack Centers, Benjaminton, OK 79574"
26,Thomas Williams,evanmitchell@hotmail.com,001-998-279-5014x556,"147 David Wall Suite 586, Lake Jason, CT 75391"
27,Lori Benitez,ronald54@hotmail.com,001-952-997-8772,"430 Andrew Road, Lake Melaniechester, AZ 44251"
28,Robert Lewis,jonathan14@hunter-nguyen.com,556-990-2355,"PSC 7702, Box 7278, APO AA 61117"
29,Jennifer Newton,angela03@hotmail.com,+1-551-240-5682x99629,"504 Miller Wells Apt. 574, New Kevin, MN 05402"
30,Susan Wallace,jstein@peterson.net,521-823-0768x1040,"7018 Johnson Trace, Danielleborough, ID 25738"
31,Joseph Mejia,edward41@mullen.net,385-854-2493,"587 David Mountains Apt. 160, South Philipshire, UT 92168"
32,HENRY COOK,beltrankatelyn@bradley-davis.info,747-733-2945,"7701 Rodriguez Neck Suite 245, New Dakota, VT 14523"
33,Matthew Sparks,pgarza@hotmail.com,827.615.3966,"321 Wilson Ranch Suite 581, Thompsonfurt, PA 14754"
34,Linda Wilkins,dnewman@gmail.com,290.227.8469,"54946 Mooney Prairie, New Valeriefurt, DC 39060"
35,Steven Faulkner,daniel40@reynolds.biz,+1-566-668-3272x3865,"2201 Douglas Oval, Proctorberg, DC 84681"
36,Shannon English,shawncoleman@yahoo.com,(532)690-9738x4689,"751 Nixon Common, Lake Jessica, WV 37125"
37,Blake Wu,thomasharmon@miller.com,+1-058-077-8795x654,"949 Brown Mountains, New Brett, WA 82331"
38,John Martinez,johnathan94@hodge-smith.com,+1-292-752-4372x805,"Unit 2927 Box 6637, DPO AP 84069"
39,Kenneth Wilkinson,karla10@marshall.com,836.674.2860x4765,"USS Davis, FPO AP 84049"
40,RYAN BISHOP,joseph14@hotmail.com,001-673-938-5258,"06181 Bell Stream, Johnathanton, RI 12551"
41,Kristopher Shannon,,(124)471-7465,"0665 Jonathan Via, Gregoryland, ID 80494"
42,Matthew Rodriguez,christinarodriguez@yahoo.com,001-410-119-4707x200,
43,Heather Maldonado,chensusan@gmail.com,(851)743-2806x346,"PSC 5717, Box 3203, APO AE 94838"
44,Cynthia Price PhD,zferguson@yahoo.com,0505061387,
45,Charles Valdez,sanchezdeborah@gmail.com,(041)792-9111,"36565 Theresa Ports, West Mary, IL 06476"
46,Gabriela Martinez,xjackson@martin.com,,"7232 Mills Loop Apt. 290, Lake Vincent, SC 39979"
47,Aaron Young,montgomerymichelle@romero.com,031-277-2200x543,"701 Sara Fall Apt. 078, North Pattymouth, OR 43226"
48,Paul Villanueva,nguyencorey@gutierrez.com,970.623.9726x5273,"52090 Taylor Walk Suite 762, Jeffreyport, GA 84124"
49,Susan Lane,jenkinsaimee@vargas.com,6335693929,
50,Melissa Garcia,,001-632-543-1074x2799,"2625 Padilla Alley Apt. 658, West Ronaldview, RI 71599"
51,Christine Cohen,,1657905528,"53817 Karen Trace, West Michael, NY 89659"
52,ANTHONY WATSON,hmason@yahoo.com,001-884-795-1371x162,"24127 Nancy Pike, West Robertside, NJ 45943"
53,OSCAR SMITH,johnsonlaurie@newman.com,988.774.9242x4375,"Unit 0254 Box 7292, DPO AP 70666"
54,William Franco,johnwilliams@andrews-alexander.com,(380)552-5782,"67275 Adam Streets, Deborahport, LA 99350"
55,Ms. Bridget Cunningham,hannah70@gmail.com,+1-814-069-3751x50939,"01871 Lee Island Apt. 562, Woodstad, LA 45710"
56,WILLIAM SAWYER,jessicawallace@lara-roberts.biz,001-629-912-3478x5196,"462 Page Throughway Apt. 326, Angelaton, ME 77205"
57,Justin Ford,moorekevin@flowers.com,(273)014-7195x97964,"158 Megan Estates Apt. 257, West Frank, MN 55487"
58,Tina Williams,palmerkatie@gmail.com,001-192-855-4451x89520,"7652 Jeffery Parkway Apt. 389, South Stevenland, DC 02778"
59,Eric Cox,gerald40@hotmail.com,322-342-3216,"07603 Antonio Shoals, South Davidview, CA 40038"
60,NICOLE PATTON,jackbell@thomas.com,001-552-893-8911,"334 Rachel Plain, Lake Coreyborough, NY 93268"
61,Michael Lopez,maryzavala@lewis-perez.com,001-517-182-7548x01571,"473 Roberts Walk Suite 317, Harryfort, CT 52453"
62,Matthew Miller,,(353)961-3674x994,"7967 Hernandez Motorway Apt. 147, Hallberg, CT 97205"
63,Barry Gregory,ujacobs@turner.com,001-187-734-7784x85880,"USS Ewing, FPO AE 50784"
64,Samuel Ramos,thompsondonna@dyer-martin.biz,(467)197-8897,"064 Garza Lane, Katieport, AR 04190"
65,Bethany Richardson,oscar65@jenkins-brown.com,349.114.1520,"6986 Smith Mountains, West Nicholasfurt, OK 13310"
66,Ariel Leonard,wshaw@hotmail.com,294-563-7183x44049,"191 Nelson Port, Simmonsstad, CA 85899"
67,KATHY EVANS,robertking@hotmail.com,820.829.7374x896,"USS Boyd, FPO AA 61120"
68,Chris Jennings,,644.249.3631,"47786 Lucas Camp, East Joseph, KS 36909"
69,Casey Phelps,brownpeggy@yahoo.com,+1-416-516-2319x818,
70,Kevin Henry,stewartrodney@hotmail.com,,"8645 Amanda Freeway, Pricefurt, KS 39939"
71,Rodney Young,ruthwelch@sullivan.info,656.124.8156x9857,
72,Tracy Rivas,usparks@mendoza-moss.com,(954)316-5266,"USNS Smith, FPO AE 73708"
73,Lori Meadows,,(969)421-5291x0867,"33344 Reyes Meadows Apt. 934, South Henry, FL 04272"
74,Dennis Williamson,brandi71@harrison.biz,,"USS Smith, FPO AP 81720"
75,William Lambert,carpenterjorge@vasquez.com,862-415-0274x56449,"562 Doyle Overpass Apt. 870, East Brian, AZ 62137"
76,Michael Graham,alexandervanessa@hotmail.com,771.215.1342x2849,"089 Robert Club, Port Tyler, MA 03903"
77,William Martinez,hooderic@gmail.com,774.905.0975x923,"0189 Davis Glens Apt. 361, Port Jaredfurt, MO 37848"
78,Tiffany Moore,vowen@yahoo.com,+1-925-158-3776x74996,"9266 Billy Junctions Suite 327, West Taylorland, NJ 39874"
79,Carl Leach,dphillips@jones.biz,,"459 Todd Mission Suite 523, North Julie, KS 88766"
80,JOSEPH SMITH,jacksonthomas@sullivan.info,995-641-2203x1030,"368 Christopher Trail, Hernandezchester, DE 22272"
81,Nancy Wallace,csmith@hotmail.com,349.605.0166,"76789 Hall Circle Apt. 695, West Patriciachester, NJ 15828"
82,Todd Reed DDS,keithlee@kim-romero.org,+1-597-246-6572x93417,"97167 Young Point, North Michaelview, TX 21289"
83,Scott Gordon,ryan93@hoffman.com,508-428-9107x71199,"081 Crystal Ways, West Eric, VT 58371"
84,Kathleen Harrell,matthew21@gonzales.com,754.821.4565,"86326 Hardin Mount, Sherrymouth, WI 01804"
85,Kelly Jones,richard26@gmail.com,(029)084-6684x5504,"PSC 9267, Box 3899, APO AP 58453"
86,Stacy Harrington,nicolemiller@hotmail.com,628-843-1884x85200,"46810 Green Parkways Suite 101, Evanstown, MA 31446"
87,Virginia Cunningham,kevin92@gray.net,001-357-126-6110,"3715 Chapman Path, Wigginsshire, SC 55999"
88,MELISSA GOULD PHD,drewmartinez@hotmail.com,288.137.7028x519,"59408 David Inlet, Kevinfort, WY 19227"
89,Kevin Williams,jason70@gmail.com,,"922 Gill Shores Suite 251, Hughesfurt, ND 06506"
90,Stacy Fitzgerald,jasminearmstrong@parker.com,,"43397 Lindsay Rest, Richardton, AK 45059"
91,Jason Heath,hscott@gmail.com,+1-242-241-2462,
92,Kathy Avery,floresangela@gmail.com,063.048.9138x2496,"58238 Ali Point, Williamsmouth, RI 38413"
93,Carol Brown,carla65@hotmail.com,984.028.9141,"84639 Henson Junctions, Tiffanymouth, IA 87306"
94,Mrs. Julia Greene,deborahsmith@smith-smith.com,(876)811-8071x56956,"75370 Julia Trace, Erinstad, CO 80906"
95,Rhonda Walker,,3614987283,"92124 Nicole Stream, Jamestown, TX 70354"
96,MELANIE WARE,pdavidson@nash.biz,(418)775-8030x46875,"1903 Rosario Gateway, East Mark, SC 82459"
97,John Morton,john73@yahoo.com,,"65120 Brown Ridge, Joneston, AR 39156"
98,Jennifer Williamson,michellecobb@hotmail.com,7676991507,"10919 Rebecca Crossroad, Michaelfort, RI 58778"
99,Chad Williams,breanna85@silva-weaver.com,(749)545-0892,"5333 Matthew Shores, Nealmouth, UT 43904"
100,Kylie Rogers,gmurphy@yahoo.com,7303379337,"636 Margaret Avenue Suite 015, New Dariusport, ID 83251"
101,Pamela Williams,jamesthompson@higgins-morgan.net,230.241.0261,"7355 Shelley Union, Johnsland, FL 17644"
102,Cheryl Gray,carol30@hotmail.com,001-384-253-0428,
103,Nicole Brooks,marcbrooks@hotmail.com,774.969.0333x7363,"254 Dennis Corner Suite 785, New Blake, RI 44590"
104,John Ortiz,joshua02@yahoo.com,415.148.8814,"PSC 1115, Box 0835, APO AE 88988"
105,Eric Ochoa,janicebolton@hotmail.com,001-840-445-6690x7826,"3898 Sharp Mountain, Latoyamouth, ID 56703"
106,Melissa Clark,brooksbarbara@gmail.com,,"59999 Baird Ford, Brownfurt, NJ 14740"
107,Victor Fowler,,9702316433,"0580 Mark Loop, Mooreville, ND 55343"
108,Benjamin Friedman,monicacollins@ortega.com,001-387-430-2716,"597 Ford Canyon, West Debbiemouth, UT 93778"
109,Jeanne Colon,nwright@reynolds.org,603-248-4137,"1185 Hayes Glen, New Bradley, CA 84238"
110,Nicole James,randysmith@gmail.com,001-257-771-1837x274,"91241 Jackson Skyway, Lake Joshuamouth, HI 28900"
111,Stephanie Patel,copelandlisa@hotmail.com,+1-164-709-0063x35331,
112,Daniel Weaver,,(065)063-7314,
113,Christopher Gill,bjones@hotmail.com,001-768-389-0309,"3639 Brian Landing, Phillipsberg, IL 84654"
114,Thomas George,dennis50@hotmail.com,(403)553-3803x39685,"71302 David Extensions, East William, VA 61721"
115,Nathan Sanchez,kevinray@harris.com,(627)768-9627x0661,"828 Jonathan Mountain Suite 746, Jonesberg, NJ 26153"
116,Colton Smith,asullivan@yahoo.com,001-567-491-6016x9236,"USNV Hicks, FPO AA 83729"
117,Melissa Curtis,johnjohnson@yahoo.com,+1-024-972-4399x2011,
118,Kenneth Salinas,kaitlyn64@benitez.com,168-646-2252,"2817 Jacob Circle, Port Katherine, MT 58268"
119,Lori Oneill,carternicholas@brown-johnson.com,710.040.9013x8069,
120,Seth Morales,guzmanmisty@tapia-walton.com,(797)863-0505x057,"9156 Hatfield Walks Apt. 649, Lake Douglas, OK 94435"
121,Bethany Robles,cjackson@gmail.com,833.321.1602x5643,"128 Davis Square Suite 399, Lake Matthewfurt, SD 74150"
122,Jessica Hall,carterdaniel@yahoo.com,001-931-952-5690x4098,"5528 Daniel Branch Suite 524, South Erin, PA 37645"
123,Maurice Solis,kyle14@berry.com,001-605-233-0276x420,"7566 Allison Haven Suite 386, East Marcusshire, AR 93508"
124,Matthew Ray,jcarter@gmail.com,305.912.6620,"01859 Booker Road Suite 301, South Tracy, PA 23109"
125,Jaime Holt,,,"Unit 7419 Box 2676, DPO AA 75398"
126,Frederick Reeves,bhess@hawkins-herrera.net,189.813.1292x0875,"321 York Bypass, North Williamstad, GA 55951"
127,Mary Wright,donna72@henry.com,+1-883-103-0324x329,"2961 Green Run Apt. 671, Ericaberg, IL 09749"
128,Debra Schultz,anne89@barnes.com,(609)314-1818x61515,"PSC 4234, Box 0163, APO AA 14263"
129,Becky Fox,wdavis@hotmail.com,001-484-910-2562,"9240 Diane Divide Suite 940, Jasminebury, PA 55321"
130,Catherine Andersen,joshua68@hotmail.com,414.651.1131,"48706 Timothy Passage, South Alexanderborough, WA 01456"
131,Michele Brady,lawsontami@conrad.com,528-506-7625,"Unit 5381 Box 4474, DPO AA 28427"
132,Mark Long,,5097545105,"5016 Gonzalez Pines, South David, AL 20899"
133,Danielle Ruiz,michael28@yahoo.com,,"66502 Stacy Shores, Davidfort, NM 89857"
134,Erika Duran,ganderson@gmail.com,,"7163 Jessica Ferry Apt. 414, Lake Lori, NJ 93098"
135,Ashley Cross,victoriagarza@hernandez.com,260.931.0668,"56708 Schneider Hollow, West Michaelstad, MT 32871"
136,Anthony Williams,jason74@garcia.com,411-082-5559x89534,"12910 James Mission Apt. 189, Kevinfort, ID 70435"
137,Amanda Lee,patricia71@yahoo.com,768-802-9424,"367 Gabriel Terrace, Hartfurt, PA 36086"
138,Aaron Armstrong,ugordon@green.com,+1-123-083-4024,"PSC 4033, Box 8105, APO AP 79820"
139,Erika Potts,rickycarr@yahoo.com,0534240891,"498 Lisa Forges Suite 439, Moorebury, VA 57373"
140,Steven Davis,llopez@hudson.com,,"PSC 6182, Box 0916, APO AA 03216"
141,Adam Rivas,johnmiller@mays.com,1851327972,
142,Harry Mitchell,vasquezvicki@gmail.com,451-951-5109,"592 Hernandez Shores Suite 945, West Sabrinastad, VT 10510"
143,Shannon Spence,dylan77@wilson.com,(152)265-5767,"523 Barnes Parks Suite 883, Millerchester, OK 91399"
144,Colleen Miller,harrismelissa@yahoo.com,+1-721-055-2472,
145,David Smith,kathyharrison@gmail.com,001-847-657-0412x0092,"6784 Fletcher Manors, West Teresa, MS 16902"
146,Jennifer Brown,lynndaugherty@hotmail.com,775-662-0563,"59503 Martin Coves, East Carlaport, OH 26941"
147,Amanda Adams,uwilliams@harding.com,001-468-356-5215x68182,"9042 Faith Common Apt. 332, New Zachary, PA 85880"
148,Patricia West,kelly96@macdonald.biz,399.129.7102,"171 Edwards Hill Apt. 149, Michaelland, VT 60891"
149,John Scott,shelbybonilla@yahoo.com,5466927589,"USNV Miller, FPO AA 66815"
150,Shawn Esparza,figueroajohn@smith.com,001-613-671-5778,"PSC 7112, Box 1663, APO AA 43587"
151,Grant Munoz,dwilson@gardner.com,+1-359-096-0567x3030,"USCGC Nelson, FPO AP 23583"
152,Benjamin Sullivan,hsavage@gmail.com,+1-420-165-4235x67782,"Unit 6596 Box 0893, DPO AE 95229"
153,LISA MORRIS,hernandezstephen@gmail.com,516.480.7279x1033,"635 Stephanie Springs, West Lisatown, ME 66310"
154,Belinda Porter,,(851)276-5289x28664,"491 Linda Cove Apt. 096, South Karenside, SC 58710"
155,Renee Contreras,jeffreygibson@yahoo.com,,"446 Adam Mall Apt. 002, Maryhaven, WA 79137"
156,Christopher Armstrong,angelamyers@hotmail.com,+1-609-626-2658x2631,"196 Hood Estate, Jamesland, NE 02013"
157,Leslie Johnson,ujohnson@lucero.com,(334)383-6404,
158,Ryan Durham,ygarcia@gutierrez.com,665.722.4029,"55799 Eric Streets, Saraborough, AK 70749"
159,Jorge Hernandez,roachanthony@gmail.com,124.473.1584,"8634 James Vista Suite 619, Gabrielborough, NM 57316"
160,Jessica Burgess,lawsonruben@hotmail.com,(517)208-4964x985,"56253 Jason Landing, Dustinmouth, AL 42259"
161,Michelle Lewis,annacruz@hotmail.com,831.849.1966,"30770 Fisher Crossing Suite 295, Youngtown, AK 84867"
162,Laura Smith,david60@hotmail.com,050.171.6445x56185,"4771 Pace Cove, East Brandontown, CT 42818"
163,Misty Perez,,1041459642,"PSC 9712, Box 5296, APO AP 59061"
164,Kelly Allen,ubray@hotmail.com,314.415.8331x1703,"6371 Clark Ramp, Kathleenport, NH 86391"
165,JONATHAN SLOAN,,(491)271-1307,"8754 Sara Corner, Ryanberg, NY 56973"
166,Amy Nelson,wongjessica@lee-lopez.com,+1-489-786-1031x310,"PSC 9431, Box 8143, APO AP 92187"
167,Jenna Garcia,yharris@gmail.com,(494)012-8974x325,"57207 Cook Fall, Nicoleburgh, WV 01776"
168,TRACY AGUILAR,thomaswilliams@gmail.com,001-438-822-1145,"474 Ellis Views Suite 458, Rodriguezhaven, SC 03217"
169,Jason Robinson,,614.878.2455,"4309 Flowers Crossing Suite 795, Danieltown, TX 19785"
170,Chris Levy,tommy14@chavez.com,001-107-406-5004,"821 Thomas Street Apt. 691, Jefferyfort, IA 89433"
171,Jenny Rasmussen,samantha94@elliott.com,001-234-268-3441,"266 Dillon Mills Suite 857, Ronaldchester, NH 04128"
172,ALLISON WANG,christinaturner@carpenter.com,+1-894-062-6078x701,"9149 Vaughn Way, North Joyhaven, VT 07450"
173,Kelli Hart,jeffreylowe@gmail.com,407-931-1029x1813,"87601 Sullivan Ferry Apt. 849, Villarrealville, FL 83888"
174,Charles Garner,williamlyons@alvarez.com,+1-197-546-6176x62047,"94097 Rebecca Knoll Apt. 774, East Michaelhaven, MI 93067"
175,Kayla Thompson,diana95@espinoza-buchanan.com,001-461-767-9298x84259,"USNV Silva, FPO AA 09357"
176,Samuel Moore,portererin@wolf-zavala.com,266-109-4101,"025 Holly Lane Apt. 983, West Travis, LA 30057"
177,Christopher Cervantes,perkinscrystal@davis.com,(698)152-8733x978,
178,Alison Nicholson,peter51@gmail.com,189-389-8469x0819,"005 Green Isle Apt. 238, Sandraton, NM 10057"
179,Kristy Bishop,tina69@salazar.com,010-783-5674x300,"960 Williams Trafficway, Dominguezchester, NE 72530"
180,Jeffrey Prince,james60@gmail.com,190.368.9003,"27240 Bailey Shoal, West David, NJ 86691"
181,BILLY WRIGHT,wthornton@wallace.com,001-843-845-8810x56974,"348 David Stream, North Tiffany, NV 85685"
182,Tiffany Smith,joshua64@brown.biz,066.703.3626x8040,"95493 Matthew Village Suite 601, Farleyport, ND 61253"
183,Nathan Mack,,(044)138-4596,"4490 Kurt Shore Suite 427, Smithtown, AZ 47519"
184,Dr. Daniel Brown,penny85@alexander.com,723-229-0310x287,"304 Smith Vista, Amberton, IA 46340"
185,Jonathon Wilson,jameshudson@perry.com,5955657490,"2901 Lindsey Pass, Shelbyfurt, OR 04773"
186,Brittany Farmer,benjaminvictoria@gordon.biz,+1-180-978-8754,
187,Mr. Richard Hall,kimberlyrussell@wade.com,116-682-9732x70216,"120 Johnson Expressway Apt. 288, Strongstad, MO 91848"
188,Michelle Wilson,mcknightbrandon@hotmail.com,(767)647-2298x120,"765 Thompson Stravenue Suite 134, Petersonshire, NC 76500"
189,Tanya Mitchell,katherine20@hotmail.com,001-368-499-5154x2144,"44913 Thomas Ford, North Carmen, ND 71006"
190,Adriana Wall,james96@wallace.com,001-176-741-2415x131,"7815 Ryan Squares Suite 380, East Derrickfurt, IN 88758"
191,JOHN WASHINGTON,mcampbell@liu.com,,"578 Natalie Ville, West Elizabeth, WY 83079"
192,Howard Castillo,danielibarra@barnes-west.com,+1-612-751-5627x79630,"0854 Jenkins Valleys, Colemanview, AR 35669"
193,Mr. Mark Williams,,199.529.8006,"8108 Michael Flat Apt. 863, Lauriestad, MT 28762"
194,Danielle Smith,masonlacey@moore.com,304.166.2411,
195,Jamie Jordan,ehoffman@velez-ferguson.com,(076)581-7390x6375,"452 Cody Extension, Port Sheri, IA 11496"
196,Luis Wells,saundersjohnathan@yang-flowers.com,996-043-8787x53577,"61620 April Crossing, East Samuel, AZ 56099"
197,MARK WARREN JR.,hsmith@yahoo.com,,"3522 Smith Mall Apt. 271, West Jacquelineborough, CT 70982"
198,Brandon Weber,bellangie@cooper.com,469-459-6488x319,"2491 Laura Radial, Riverashire, KY 97135"
199,Mary Kennedy,loganveronica@noble.com,(270)510-2876,"8138 Bennett Lights Suite 548, Alyssaborough, SC 36904"
200,Sara Castro,gina86@hotmail.com,,"USS Gonzalez, FPO AA 69445"
201,Kevin Murphy,wesley09@yahoo.com,4760440907,"Unit 7727 Box 8105, DPO AE 80837"
202,Brittany Fitzgerald,barnesmegan@ramos.com,184-390-5529x58066,"38241 Scott Harbor, Lake William, SC 98389"
203,Teresa Collins,,971-112-1259,"03571 Kyle Springs, Lake Katelyn, ME 07491"
204,Dustin Ramirez,mperez@yahoo.com,244.741.7595,"209 Moore Port Apt. 654, West Holly, OH 97904"
205,Ann Ayala,,272.795.5969x05150,"5125 Martin Plains Apt. 079, Watkinschester, MO 62573"
206,Dawn Brooks,tgregory@gmail.com,816.649.6902,"839 David Isle Apt. 142, Stephenburgh, AL 86826"
207,Stephen Turner,joelharris@ramsey.net,,"65469 Ferguson Key Suite 903, Port Joe, MA 66227"
208,Lisa Walton,,(262)446-7046x2268,"51602 Anderson Parkways Suite 707, Hendersonton, NE 34402"
209,Audrey Roman,kimberly58@yahoo.com,268-612-0594,"0740 Miranda Mount Suite 095, Ronaldport, AK 71640"
210,Edward Butler,kenneth09@gmail.com,(086)321-8122x764,"938 Williams Islands Suite 029, South Williamland, SC 98708"
211,James White,copelandryan@gmail.com,944.988.3059,"2480 Browning Springs Suite 406, North Kimberly, DC 36515"
212,Kyle Daugherty,walkerandrew@yahoo.com,194.979.6958,"5557 Steven Summit, Clarkburgh, MS 34015"
213,Matthew Duncan,whoffman@clark.com,457-702-9929x5966,"Unit 0487 Box 3682, DPO AA 80077"
214,Becky Foster,,+1-653-694-5515,"67747 Sandra Fall Suite 408, Kathrynburgh, CT 50747"
215,Jennifer Barnes,montgomerydillon@gordon.biz,5932971509,"832 Wood Well Apt. 273, Davidland, AK 27633"
216,Judy Sutton,laurakaufman@hotmail.com,+1-195-237-1006x8761,"819 Samuel Views Apt. 460, Reginaldhaven, SD 58178"
217,Caleb Thomas,bowenmichael@hotmail.com,237-341-5177x34547,"494 Kathleen Drive Suite 035, Jenniferport, GA 74902"
218,Karen Gonzales,julianeal@gmail.com,+1-464-303-9429x045,"9252 Mills Lane Suite 287, South Penny, TN 08988"
219,Eric Walker,santosmichael@yahoo.com,001-083-350-6158,"79833 Robles Falls, East Hannah, HI 05774"
220,Deborah Ramirez,,001-977-180-5137x17173,"749 Bonnie Wall, Lake Oliviaborough, SC 81033"
221,WENDY KING,travis25@hotmail.com,844.483.5488x4712,"772 Cameron Meadows Suite 175, East Kimberly, IN 28447"
222,Eric Miranda,cohensara@gmail.com,001-252-362-2925,"USCGC Valdez, FPO AA 95720"
223,Timothy Kennedy,,746-966-0606x52740,"44505 Gibbs Islands, Port Jason, NV 36409"
224,David Nguyen,ccrane@hotmail.com,(734)996-0105x4857,"PSC 1721, Box 5622, APO AP 39672"
225,Kristina Gonzales,angela40@gmail.com,,"16667 Marie Circle, Allenchester, NY 43370"
226,Katherine Andrews,,001-793-164-7725,"8606 Smith Village Suite 003, Ronaldview, IN 77096"
227,Erin Ellis,,(108)902-8515,"334 Roger Groves, East Kelsey, DC 58125"
228,Travis Johnson,cwilliams@gonzalez-wise.org,128-981-2317,"563 Tracie Union Suite 748, South Allenfurt, MT 52970"
229,Ariel Ward,,167.045.0232,"227 Bruce Unions, Port Jodi, MN 81445"
230,Christopher Thompson,michaelbuckley@johnson.com,(549)500-5070x2608,"10531 Mcneil Creek, Marshallchester, ND 58227"
231,Larry Walsh,qharrison@gmail.com,859-177-9323x82231,"9133 Lopez Shoals Suite 579, Kathleenberg, NE 49622"
232,Lauren Michael,,+1-032-650-9775x3967,"Unit 7948 Box 7148, DPO AA 44705"
233,Charlotte Peterson DVM,barnettmatthew@hotmail.com,156-082-1371x184,"7681 Raymond Pass Apt. 230, Lake Julie, PA 20393"
234,Kerry Williams,,(212)932-8963x406,"7524 Charles Station Suite 399, North Karinaberg, NJ 21505"
235,Renee Tapia,phartman@myers-lee.com,342-619-2372,"18481 Hall Mill Suite 189, Hernandezmouth, KY 05871"
236,STEVEN RODRIGUEZ,trichards@hotmail.com,438.119.9537x6601,"448 Barnes Villages Suite 510, Lake Lindabury, NM 29518"
237,Mary Garcia,qobrien@yahoo.com,,"0577 Shelby Via Suite 039, North Crystal, CT 38810"
238,Rebecca Daniel,loretta55@gmail.com,705-742-3885x652,
239,Dennis Zimmerman,linda52@gmail.com,013-948-8488x26913,"2585 Anderson Lights Apt. 499, West Yvonnemouth, AZ 32732"
240,Mary Hill,marthalucero@gmail.com,732.043.0977,"2896 Francis Squares, Lindaview, MN 48278"
241,Taylor Flores,rubiodennis@hotmail.com,892.187.8519,"837 Andrews Center Suite 977, Brownburgh, OH 59282"
242,Amy Bailey,flemingcameron@hill.com,001-976-263-7484x539,"89509 Jennifer Knolls Apt. 191, Crossborough, PA 24007"
243,Alyssa Mcfarland,,(521)452-6471,"35157 Alexandria Brooks Apt. 805, East Aaronhaven, AL 43343"
244,Alexander Stein,sosajacob@hotmail.com,283.512.9592x7282,"90814 Rodriguez Springs Apt. 982, South Jamesberg, MA 60095"
245,Kimberly Price,barnettcameron@gmail.com,,"998 Sherman Row Apt. 452, Gallagherport, NE 53485"
246,Bradley Johnson,anna96@jimenez-hartman.com,,"Unit 6358 Box 0688, DPO AE 67183"
247,Michael Lozano,ododson@flores.org,+1-900-631-4035x2635,"PSC 6022, Box 9394, APO AA 89681"
248,Sharon Sims,robert06@bennett-kirby.com,001-749-060-7231x11271,"46484 Foley Green Apt. 163, New Meghanborough, NC 05179"
249,BRIAN PEREZ,christophersteele@gmail.com,695.727.9083,"90254 Michael Flats Apt. 662, Williambury, SC 25973"
250,Nathan Johnson,bridgescarolyn@yahoo.com,+1-228-501-1688,"550 Rachel Spur, North Patrick, AR 51294"
251,Barbara Walker,smithmadison@pineda-newman.com,+1-967-379-4577x27853,"4250 Trujillo Divide, South Robertside, IN 53222"
252,Mark Clark,dstephenson@hotmail.com,767.555.6283x333,"8654 Philip Mountains Apt. 874, Williamsborough, OH 21042"
253,Teresa Reynolds,bensonpaul@hotmail.com,(492)693-2657,"5998 Erica Turnpike, North Andrewton, CO 41565"
254,HEATHER MANNING,mary59@silva-clayton.info,244-182-2261x89628,"431 Regina Court Apt. 267, Woodstown, UT 47999"
255,Lauren White,kpotts@blackwell-huerta.com,229-462-1354,"9709 Frey Lakes, Jamesview, AK 64675"
256,Christopher Banks,shane65@gmail.com,,"PSC 6604, Box 6558, APO AA 53872"
257,Brandi Reed,tracyadams@yahoo.com,+1-158-102-1312x51293,"05912 Welch Isle, New Davidberg, WA 11138"
258,Nathan Davis,jasonlove@yahoo.com,837-379-2749x07280,
259,RUSSELL PHILLIPS,jeffery45@hotmail.com,804.421.0175,"PSC 0961, Box 7015, APO AP 47880"
260,Lisa Chung,shannon75@yahoo.com,758-339-2056x7756,"2266 Morgan Turnpike Suite 626, Alexisburgh, OR 24606"
261,Alan Kennedy,james76@gmail.com,,"794 Joe Park Apt. 670, Crystalmouth, ME 90161"
262,Lisa George,jenny25@hotmail.com,107.563.3535x7485,"325 Jean Ridge Apt. 379, Zamoramouth, CT 50851"
263,Loretta Miller,umorrison@yahoo.com,763-425-0733,"9782 Frye Oval Suite 983, New Cassie, VA 08439"
264,Chloe Lindsey,krystalhenderson@gmail.com,432-400-6157x2768,
265,Charles Decker,fullerdebbie@yahoo.com,(590)459-9080,"1122 Alexandra Station, North Karen, MA 11138"
266,Paul Vasquez,zmay@moore.info,(143)308-0037,"22855 Avila Skyway, Smithport, AK 88272"
267,Jennifer Jones,clarkbrandi@bailey.org,(826)328-0944x858,"453 Hurst Lock, Lake Justintown, PA 85882"
268,Patricia Harris,hughesdaniel@gonzalez.com,001-394-570-3943x804,"3765 Joyce Rapids, South Timothy, LA 87929"
269,Danielle Jensen,harveymercedes@conrad-turner.biz,001-921-053-3651x4604,"2473 Samantha Summit, South Gregville, VA 31277"
270,Stephen Neal,andrew97@gmail.com,001-231-660-0767x6209,"PSC 1447, Box 3404, APO AE 31279"
271,Rita Forbes,shansen@conner-baldwin.com,519-577-8255x8825,
272,Faith Howard,rmolina@gmail.com,5829582923,"61880 Barbara Glens Apt. 357, West Jessicastad, MO 69067"
273,JENNA RAY,perezdawn@gmail.com,001-308-172-1436x438,"00413 Maria Springs, North Jonville, MI 87216"
274,Michael Evans,jared69@hotmail.com,990.707.5504x7681,"706 Sydney Trace Apt. 748, North Johnville, MS 98680"
275,Larry Harrison,angela73@hotmail.com,(102)908-7182x74968,"9187 Rachel Hill, North Kelly, NE 14876"
276,Tracy Jones,ywright@hotmail.com,+1-260-423-5973x7112,"7560 Reid Coves, Wellsview, OH 92519"
277,Austin Baker,pmorales@gmail.com,021-923-7858,"296 Anita Fort, East Kevin, UT 51712"
278,ANTHONY FRENCH,brenda04@flores.info,377.731.2688,"28217 Ashlee Gateway, Francostad, KS 53767"
279,Jeffrey Harrell,leejessica@yahoo.com,(793)279-8623x9847,"061 Janet Trail Apt. 054, Campbellmouth, ND 79838"
280,Eric Fry,stodd@hotmail.com,,"444 Lawrence Islands Apt. 935, Jamesmouth, TX 54442"
281,Kyle Santiago,leahbarker@mcdaniel.net,+1-537-982-1433,"75367 Randolph Mount Suite 249, West Davidfurt, OH 52022"
282,Colin Villa,jdonovan@hotmail.com,896-340-6791x766,
283,Steven Knight,,+1-994-853-2089x532,"89021 Pacheco Crossing Apt. 363, South Chelsea, HI 29381"
284,AARON LAMBERT,ogriffin@gmail.com,677-269-6084,"8550 Romero Loaf Suite 935, Lake Chris, UT 90059"
285,Richard Clark,richard34@gmail.com,(970)931-7069x5560,"1645 Joseph Green Suite 223, Port Barry, MN 06789"
286,Ann Moon,wrightalicia@chavez-carter.biz,236-428-1319x092,"2303 Carlos Courts Suite 281, Transtad, HI 20518"
287,Chelsea Buchanan,katiepalmer@gmail.com,806.220.7223x95947,"132 Carlos Lane, North Justin, NM 89305"
288,Krista Barber,kristin96@yahoo.com,628.720.3195x41966,"57303 Hampton Terrace Apt. 792, Randyberg, IN 58045"
289,James Marquez,stevenperry@gmail.com,214.505.7661,"870 Jones Isle Apt. 482, North Dustinside, AR 03736"
290,Lydia Watson,ncook@yahoo.com,(954)508-9177x680,"65742 Kathleen Flat, New Patrickfurt, AZ 06269"
291,Troy Lee,jlloyd@payne-scott.com,1204713727,
292,Jordan Porter,cranekevin@yahoo.com,283-337-2188,"9541 Francisco Orchard Apt. 506, Briggsberg, NJ 04511"
293,Jacob Parker,zreilly@hotmail.com,663.439.2529,"11102 Vasquez Course Apt. 007, North Dennis, MN 89464"
294,Samantha Howard,martinkyle@williams.com,9032671494,"421 Obrien Green, Lake Kimberly, CT 65567"
295,Melissa Johnson,heatherpatrick@yahoo.com,,"17221 Townsend Spurs, Bethfort, MT 16572"
296,Mary Powers,pauladouglas@yahoo.com,(635)100-4627,
297,Felicia Williams,williamsimpson@solomon-le.biz,0559550178,"8486 Ryan Street, South Tamarashire, LA 71121"
298,Joyce Mitchell MD,,937-440-3946x40830,"60601 Nichols Plains Suite 084, South Vanessaborough, TN 72899"
299,BRIAN YOUNG,gregory30@hotmail.com,(153)701-2424x46263,
300,Ralph Chan,olsonchristina@gmail.com,(152)638-4091x122,"5056 Garcia Passage, Lewisborough, SC 63864"
301,Nicole Jones,dgrant@morris-wood.com,7309505560,"Unit 7121 Box 9881, DPO AP 18296"
302,Juan Arnold,weberantonio@hotmail.com,348-640-1042x46245,
303,Tara Morrison,daniel45@beasley-white.com,001-130-448-8189,"416 Larry Wells Suite 154, East Caseyshire, CT 63019"
304,ROBERT SULLIVAN,erik83@cook.org,001-107-322-8360x849,
305,Jennifer Lane,christinapreston@hotmail.com,(497)016-9342x92913,"30162 Joshua Creek, Lake Jasonville, UT 02304"
306,Glenn West,meltonmark@gray-stone.com,323.653.3774x604,"00784 Robert Heights Apt. 442, Hammondfort, WV 69915"
307,Jesse Turner,rharris@stuart-nelson.info,720.376.3882,"414 Francis Brooks Apt. 913, Johnnybury, TN 73371"
308,Laura Middleton,amadden@benjamin.net,(950)732-1464x49369,"67933 Williams Junction Suite 738, Trevorchester, AK 90905"
309,Keith Taylor,harrisrobert@hotmail.com,,"49731 Mclean Ridge Apt. 149, North Thomas, ND 22394"
310,Melissa Smith,lauraclay@gmail.com,893-940-6557,"19043 Lynn Fort, Lake Harryborough, DC 39167"
311,Matthew Perez,wilsonrhonda@richardson.biz,(127)602-5082,"12312 Rodriguez Forks Apt. 488, Oliviaburgh, PA 70342"
312,CINDY COLE,qramirez@lewis.com,646.871.9120,"769 Brian Falls, Port David, AR 67140"
313,Kimberly Jones,alicia14@rivera-taylor.com,6732318297,"572 Haney Junction, North Kathytown, TN 91056"
314,Robert Johnson,katherinemorton@hotmail.com,137-178-5090,"6184 Green Corner Apt. 998, Mitchellhaven, WI 10541"
315,Roger Roberts,nicolas08@mcdonald-williams.com,4365515848,"136 Lauren Pass Apt. 550, Kyleburgh, OK 49695"
316,Kristen Williams,russelljohn@hotmail.com,+1-879-509-8221x040,"PSC 6481, Box 8804, APO AP 96614"
317,Scott Thompson,pgilmore@hotmail.com,638.164.3212,"289 Russell Estate Apt. 362, Jenniferhaven, IL 14144"
318,Richard Miller,ocarter@moore-shah.com,001-402-635-5824x30176,"8988 Kelsey Street Apt. 538, Port Toni, VA 18097"
319,Ronald Brown,robertsdanielle@yahoo.com,333.538.4951,"11197 Griffith Turnpike, New Brandonborough, OR 12483"
320,Christina Robinson,yvonne06@gmail.com,001-119-875-6178x6880,"00915 Rodriguez Crossroad, East Haleymouth, SC 92623"
321,Nicholas Morrow MD,khanerin@yahoo.com,(952)014-9118x941,"68750 Katherine Lodge, East Lisa, IL 80005"
322,Brittany Allen,matthew11@yahoo.com,4288605053,"6081 Julie Meadow Apt. 030, West Peter, PA 12085"
323,Pamela Hughes,floresjulie@gmail.com,(345)506-8826,"768 Christine Pine Suite 401, West Peggy, WY 69682"
324,Dr. Grace Young,owilliams@brooks.com,090.859.9144x920,"9269 Wang Ports Suite 489, Davishaven, FL 70659"
325,Lauren Walsh,markgarcia@barton.org,+1-323-123-4266x980,"726 Stephen Mall, Lake Scottborough, OH 95449"
326,Lawrence Nguyen,rachelmeyer@hotmail.com,+1-040-561-2996,"9582 Guerrero Course, Berrystad, SC 10043"
327,Claire Hoffman,,001-385-951-4346x82394,
328,Pamela Gordon,barnettlisa@colon-morrow.com,1680941491,"76283 May Road Apt. 053, Josephfort, NV 78991"
329,Christopher Klein,jessicahines@yahoo.com,+1-292-508-1776x02991,"68841 James Motorway Apt. 125, Jenniferburgh, MI 53101"
330,Joshua Miller,melissanolan@gregory.org,(061)363-8527,
331,Elizabeth Williams,dhill@hayes.com,678-127-7822,"179 Curtis Fields, Aprilchester, OK 72082"
332,Ronald Mueller,katherinedelacruz@gmail.com,+1-318-285-6053,"079 Powell Crest Suite 706, Youngfurt, WI 19708"
333,Alexis Duran,christopherpittman@gmail.com,552.165.0587,"USNV Sullivan, FPO AE 96509"
334,Matthew Giles,marksanders@fischer-friedman.net,001-843-699-8480,"USNS Mcclain, FPO AE 43870"
335,Tiffany Holt,mproctor@holt.com,,"52386 Myers Flat Apt. 097, Omarland, CA 94795"
336,VALERIE SIMPSON,nweaver@hotmail.com,(872)258-9370x85806,"0405 James River, Ginashire, AK 88713"
337,Douglas Weaver,joseph28@yahoo.com,963.259.4232x894,"89156 Jose Spur, Jacobmouth, NJ 23818"
338,Gwendolyn Jackson,,381-865-5078,"509 Avila Trail Suite 430, West Courtney, TX 67650"
339,ANGELA COLLIER,mmartin@hotmail.com,001-593-401-5364x154,"3132 Harvey Forest Suite 781, Port Ronald, MD 06503"
340,Marc Cisneros,campbellkayla@johnson.com,698.198.7809x270,"88856 Pamela Isle, Butlermouth, WI 76990"
341,Rebecca Cole,kenneth22@yahoo.com,001-585-485-9655x942,"116 Johnson Vista Apt. 002, Nathanbury, SD 30921"
342,David Day,miranda13@nguyen.com,368.214.4488x96699,"Unit 7273 Box 6774, DPO AP 54670"
343,Aaron Diaz,keith18@trujillo.net,231-239-2049,"018 Robert Overpass Apt. 387, Andrewburgh, NJ 53457"
344,Anita Bryant,,(290)529-1876x8316,"717 Bryan Spur, East Scott, VA 28979"
345,Mary Levy,hunter29@browning.com,659-143-8823,"PSC 5539, Box 8358, APO AA 35468"
346,JOHN NEWMAN,evanlong@gmail.com,9544979127,"29271 Brian Gateway Suite 871, South Jean, MD 18625"
347,KRISTIN HERMAN,edwardburnett@taylor.biz,001-083-200-4879x7888,"3585 Joel Place Suite 003, West Tiffanybury, SD 11250"
348,Sarah Berry,kjones@wiggins.com,2929501437,"93096 Miller Spur, Davisville, MO 06847"
349,Monique Wilson,delacruzsandra@ortiz-goodwin.com,1911166122,"2587 James Road, North Kelly, NE 50345"
350,Joshua Guerrero,kimberly12@yahoo.com,(114)086-8250,"29462 Mary Ramp Apt. 556, Port Judytown, IL 94305"
351,Linda Anderson,frankjeremy@yahoo.com,243-658-5856,"04120 Veronica Center, Martinezburgh, IN 73577"
352,Antonio George Jr.,lsimmons@gutierrez.com,815-542-0340x3010,"9756 Dean Land Suite 955, Ronaldburgh, KS 63359"
353,Breanna Patrick,csmith@hotmail.com,1810306831,"72680 Zachary Valleys Suite 712, Port Jennifermouth, AR 61247"
354,Jordan Ortiz,brianmarquez@miller-williams.com,(847)436-2130x096,"6694 Johnson Crest Apt. 533, Mooremouth, NE 52094"
355,Chase Gomez,mariahlyons@smith-brown.com,(661)459-0110x7977,"04938 Lori Port Suite 905, Lake Whitney, MD 23061"
356,Leroy Shaw,znoble@hotmail.com,731.379.7166x98416,"PSC 1237, Box 4077, APO AP 35388"
357,Ronald Gill,jasonbarker@hotmail.com,+1-994-991-9701x42620,"782 Christopher Centers, Lake Elizabeth, SC 87066"
358,Anna Galvan,mikemiles@duncan.org,211.708.8948x018,"PSC 4482, Box 2175, APO AP 67759"
359,Crystal Mcgrath,irandolph@gmail.com,0480675712,"149 Davis Rue Apt. 287, Laceychester, NY 20219"
360,Paul Lane,adamsbrianna@gmail.com,001-141-961-5607x832,"6517 White Route, New Saraport, RI 49825"
361,David Baker,,702-851-6225,"648 Aaron Ports, West Amanda, UT 66274"
362,ANDREW GRAHAM,wmendoza@hotmail.com,991.609.1141x319,"PSC 3592, Box 3613, APO AE 62774"
363,STEPHANIE PETERSON,hullmanuel@davis.com,,"44096 Bruce Mountains, Mosleyland, NC 17117"
364,LINDA BERRY,clinesteven@thomas.biz,135.926.6486x98939,"8694 Mark Radial Suite 501, New Dennisburgh, TX 63121"
365,Danielle Mcfarland DVM,daniel71@vega-brown.org,+1-863-653-6218,"9067 Brandon Ranch Suite 248, Haroldport, MS 49658"
366,Denise Leach,djimenez@yahoo.com,(420)456-5775x80974,"89062 Melody Land, Laurenfurt, DC 83539"
367,Jason Haynes,sandersmatthew@reed.biz,(212)242-7677,"9160 Christian Harbors, North Nathanhaven, KS 70415"
368,Margaret Holder,rodriguezbrianna@olson-simpson.net,(312)995-7047,
369,Sharon Patel,terri25@yahoo.com,242.183.8545x40064,"7523 Daniel Fields Apt. 748, Flemingland, NV 52686"
370,Dana Carter,mjackson@ryan.info,(080)196-3045x306,"8824 Mark Forks, Alexanderville, CA 94237"
371,Jessica Wagner,lreed@king-rangel.com,460-838-5179x937,"53912 Horne Passage, Morganfurt, RI 74936"
372,Virginia Rose,torrestricia@riley-anderson.info,472-463-0198,"424 Rebecca Village Apt. 972, East Ashley, FL 15276"
373,Miss Kathryn Myers,tonyaholmes@glass.com,(210)102-3200,"6610 William Roads Suite 610, Port Kennethstad, WY 12682"
374,Thomas Young,debra19@hotmail.com,,"6205 Harding Summit, Kimland, AK 90813"
375,JEFFREY PRINCE,eadams@gmail.com,+1-654-113-4078x5169,"708 Michael Points Apt. 668, West Angela, ND 95608"
376,Lisa Moore,riceamber@hotmail.com,+1-891-787-9150,"57197 Johnson Ranch Apt. 201, South Nicole, MI 60080"
377,Lynn Ray,fsmith@bond.org,,"4692 Colin Spring, West Christopher, OR 53298"
378,Jessica Thompson,lcook@cole.com,001-542-185-4570x5682,"57090 Bryan Locks, Lake Rachel, KY 07426"
379,Daniel Taylor,wesleycalhoun@hotmail.com,400-178-8224x73126,"71058 Christopher Ports Suite 092, Blackwellville, TN 11795"
380,Jeffery Adkins,jeremy70@taylor.biz,001-500-741-8948,"29876 Michelle Loop Suite 294, Sueville, VA 12047"
381,Rebecca Robertson,tharris@miller.com,4502589632,"57483 Savage Drive Suite 806, Tiffanychester, WA 56765"
382,Kevin Robinson,sarah83@hotmail.com,253-646-2805x5077,"PSC 0657, Box 9551, APO AA 52545"
383,Justin Daniel,fernandezmathew@rodriguez-snyder.com,001-091-311-1786x1902,
384,Aaron Miller,samueledwards@howard.biz,001-015-153-2594x79507,"73279 Sarah Station Suite 031, North Toniport, RI 28842"
385,Patricia Smith,ramirezdavid@johns.com,941.184.9135x99285,"9520 Hughes Bypass, South Tamarashire, AL 84927"
386,Kenneth Hahn,paynejennifer@baker-osborne.com,842.339.4495x3006,"55032 Poole Cliffs Suite 365, Davidfurt, LA 14364"
387,David Perkins,jefferywalker@chase-jones.com,,"11667 Laura Ridges, West Peggymouth, NH 44289"
388,Whitney Hawkins,meredith21@gmail.com,001-964-260-3362,"5582 Jonathan Mountain, Lake Caitlintown, NV 15513"
389,Gregory Martin,,581-897-0591,"638 Cook Plaza, Lake Briannamouth, WA 61285"
390,Julie Padilla,chawkins@williams.com,,"18227 Aaron Fall Apt. 948, Lake Sara, DC 87334"
391,Amy Davis,,,"2322 Jimenez Vista, Lake Nancy, MN 94591"
392,Steven Malone,drogers@king-gonzalez.com,(937)775-6919x832,"291 Fleming Via, South Kennethton, GA 76790"
393,Kiara Wilson,john84@harvey.com,(913)167-0805,"6706 Jackie Drives Apt. 986, Michaelport, LA 33889"
394,Andrew Sanford,gailjacobs@gmail.com,001-396-504-9627x322,"14243 Wade Village Suite 854, North Erin, NY 83893"
395,Amanda Moss,phernandez@collins.org,001-643-385-3247,"Unit 2505 Box 8333, DPO AA 27017"
396,Amanda Norris,mccarthymichael@rice.com,(769)475-7694x535,"Unit 6597 Box 4669, DPO AP 50610"
397,Amy Clark,christiancooper@yahoo.com,8095948152,"5966 Richard Falls, Port Sandratown, KY 18419"
398,Ricardo Chapman,hunter14@cuevas.net,001-332-614-5430,"73100 Tyler Pines Suite 221, West Jessicamouth, OH 37312"
399,Daniel Ochoa,ryanbullock@yahoo.com,470-173-2086x523,
400,Brian Bartlett,lisa78@johnson.com,,"439 Kayla Forge, Riceland, GA 05099"
401,Craig Dean,aprilmyers@hotmail.com,9297352595,"22273 Patricia Rapids, North Justin, NJ 91096"
402,Stephanie Decker,davidhenderson@gmail.com,507.610.8708x26971,"60107 Eric Courts, Deannaside, OH 89337"
403,Tonya Mccarthy,wleblanc@yahoo.com,+1-467-357-4223,"Unit 3222 Box 8019, DPO AA 33761"
404,Hannah Mooney DVM,gregorymullen@brown-white.org,350-637-3118x04674,"75384 Denise Islands, North Pamela, IN 51011"
405,Matthew Hicks,uperez@yahoo.com,+1-561-547-0554x91215,"19556 Smith Skyway Apt. 969, New Manuel, NM 47392"
406,Amy Lara,kingryan@estrada.org,+1-712-124-1393x6967,"0987 Charles Meadow Suite 731, East Samuel, TX 04212"
407,GERALD RAY,,+1-943-191-6543x0895,
408,Rebecca Mitchell,smithrobert@marshall.biz,649.797.4163x6560,
409,Brenda Dominguez,jamie59@ball-white.com,282-763-6431,
410,MICHAEL FLOYD,fostersarah@hotmail.com,934.497.4394,"88223 Brittney Parkway Suite 297, New Elizabeth, SD 68971"
411,Taylor Garcia,coffeywhitney@griffin.info,001-075-485-3465x57922,
412,Ashley Maxwell,zcook@rice-larson.com,957-086-1993x14584,"6311 Sarah Plaza Suite 034, East Maria, TN 97607"
413,Scott Lee,isaac63@hotmail.com,043-796-8680,"294 Mullins Causeway Apt. 177, Calebview, AZ 40097"
414,Fernando Moore,martinlisa@hotmail.com,665-275-2332x829,"02569 Jason Wells, East Andrewborough, MT 61901"
415,Nicholas Martinez,adiaz@yahoo.com,(279)955-3024x53012,
416,Rebecca Williams,zjones@hotmail.com,001-017-222-4050x7648,"7546 Cindy Village, West Brendan, SC 71492"
417,Shane Alexander,matthewbrennan@gmail.com,,"73379 Laura Courts, North Christopher, DE 70089"
418,Jose Young,,1707403925,"529 Moss Track Apt. 712, East Rebecca, WA 33862"
419,Justin White,mercedes22@bennett.com,+1-496-330-8334x44704,
420,Michael Crawford,qsimmons@moore.com,(342)777-5225x92061,"129 Anthony Land Apt. 294, North Marcuschester, AZ 20376"
421,Emily Ortega,ryanford@hotmail.com,(629)420-6615,"851 Jamie Coves, Lake Amanda, AZ 06216"
422,Joseph Rosales,fuenteschristopher@davis.com,(481)582-6868x764,"PSC 1918, Box 5488, APO AE 51548"
423,Eric Anderson,nortongregory@sexton.info,585.664.6419,"42192 Stokes Fall, East Isaacport, CA 06461"
424,Logan Patel,jessica89@glenn.info,(699)994-9812,
425,Kimberly Lee,moniquesmith@hotmail.com,5243838058,"299 Brian Locks Suite 276, Port Jeremy, OH 27607"
426,Kathryn Orozco,lisarussell@miller.net,001-626-713-6841x01328,"92188 Michael Ferry, Mclaughlinland, NJ 43147"
427,Pamela Everett,ecisneros@cruz-curtis.biz,001-592-088-1431x92797,"USS Murray, FPO AP 91568"
428,Wayne Barnes,michael72@lowe.com,001-665-686-2959x125,
429,MARK THOMAS,tgarza@gmail.com,,"4183 Rodriguez Mountain Apt. 478, Jamieshire, ND 14501"
430,Eileen Silva MD,alejandro92@hotmail.com,+1-860-521-0262x7066,"82484 Meyer Trail, North Angela, OK 73317"
431,Max Williams,elizabeth88@gmail.com,+1-974-185-6302x750,"56619 Newman Brook, Paulville, KS 74600"
432,Jeffrey Weaver,dcole@hotmail.com,001-701-872-6001x36510,"4299 Phillip Harbor Suite 686, Fredton, FL 17022"
433,Thomas Carr,btaylor@gmail.com,(219)053-3470,"6484 Watson Fork Suite 521, New Jeffrey, NM 11227"
434,Donna Chandler,martinmaria@brown.com,,"585 Spencer Extension, New Elizabeth, TX 45888"
435,Scott Garcia,tracy91@jones-rogers.com,054.914.7744x73535,"8417 Michael Hills Suite 344, North Mathew, NY 70534"
436,Cory Moreno,,892.608.7882,"2787 Alec Views, Whiteland, HI 16521"
437,Eric Murphy,jessica78@garcia.com,,"3362 Oneal Roads, Greenmouth, RI 77511"
438,Rachel Norris,patelangela@perez-smith.com,+1-521-189-6844x24648,
439,AMBER THOMAS,msimon@hotmail.com,+1-124-883-9717x05984,"PSC 4514, Box 3672, APO AP 51778"
440,Mrs. Catherine Robinson,allisonpeterson@sweeney-wilson.com,001-397-814-5900,"77905 Hernandez Wall, Middletonshire, IN 49478"
441,Ronald Edwards,awoodward@flores.com,939-103-8297,"1360 Hannah Islands Apt. 810, Markberg, IL 94169"
442,James Bullock,nicholasmorales@yahoo.com,358-969-3353,"058 Cantrell Terrace, Davisport, TN 32785"
443,George Cruz,brendacarroll@yahoo.com,(116)436-9028x377,"89666 Matthew Gateway, Gregoryland, KS 34111"
444,Michael Gutierrez,hansonheather@walters-harris.net,+1-464-051-0388x0273,"6362 Jose Green, Shawnhaven, OR 30636"
445,REBECCA HOUSE,barnesrichard@hotmail.com,001-909-228-8498x74551,"8727 Shawn Flat, Lake Tammyside, DE 14349"
446,Sara Hoover,kevinclark@wolf.com,+1-775-833-3647,"30909 Sheri Keys Apt. 860, New David, MI 35170"
447,Tracy Bradshaw,michellehall@carr.com,720.441.0079x419,"3810 Klein Inlet Apt. 224, Johnsonside, FL 98072"
448,David Mahoney,isaacbrooks@yahoo.com,224-043-2611x8900,"616 Brent Bridge Apt. 867, North Sarah, WI 05107"
449,George Sparks,egriffith@hotmail.com,(368)900-5779x500,"59007 Christina Corners, Port Kimberly, NV 23001"
450,Brian Fernandez,paulthomas@gmail.com,+1-672-210-4546x1719,"0744 Richard Drive, Port Kevin, WY 17769"
451,Charles Wong,matthewlewis@nelson.com,001-447-726-9032,"1327 Miller Mountain Suite 802, Stacystad, ND 46475"
452,Andrew Rodriguez,stephanie89@jackson.net,(498)647-8686x2376,"Unit 0884 Box 4740, DPO AP 98700"
453,Robert Grant,armstrongtravis@mathis.com,,"647 William Crest Apt. 986, Joshuaburgh, VT 01776"
454,ZACHARY GONZALEZ,michellehoward@yahoo.com,3300008863,"3919 Aaron Pike Apt. 141, Yatestown, CO 50895"
455,Natalie Hernandez,ginaharris@harmon-perkins.net,001-979-060-8548x18674,"09984 John Crest, Lake Marymouth, CT 69102"
456,Emily Bates,mark29@yahoo.com,(034)015-3534,"5699 Campbell Squares, Michellechester, FL 94363"
457,Anthony Taylor,jasmineryan@barker.com,+1-387-940-2620x8581,"73536 Moore Forges Suite 700, Christopherville, OH 18784"
458,Evelyn Dunn,fullerkristie@yahoo.com,(904)610-0792x304,"12838 Stephen Burgs, Lake Natashaburgh, DC 74923"
459,Tammy Simmons,,+1-507-665-3446,"227 Huerta Walk Suite 601, West Joelstad, VA 97955"
460,Victoria Maynard,qbruce@gmail.com,(861)768-2251x272,"666 Frederick Tunnel, Cisnerosberg, CA 81949"
461,Stacey Ortiz,kristy47@yahoo.com,290-350-0618,"2235 Cain Inlet Apt. 466, North Edward, WY 84019"
462,David Rodgers,michaelandrews@gmail.com,6441119738,"3063 Perez Springs, Vincenthaven, HI 95399"
463,Jose Willis,kaiserrichard@gmail.com,(110)212-5434x123,
464,Antonio Hale,lpierce@munoz.com,0347131719,"16259 Jennifer Green Apt. 947, Michelletown, DE 10598"
465,Jeffrey Walker,johnsonsandra@rice.com,279.037.1616x0881,"23996 Castillo Trail Apt. 837, Maryton, MT 73856"
466,Stephanie Smith,nunezjennifer@yahoo.com,(780)024-4323x622,"Unit 1690 Box 6968, DPO AA 60255"
467,Melvin Smith,carl91@gmail.com,,"33508 Orozco Estate Suite 319, New Derrick, LA 66481"
468,Alexander Turner,zburke@cervantes.com,2151675864,"95348 Clarence Islands, Port Davidview, NM 55631"
469,Wyatt Henry,floresjohn@yahoo.com,,"2609 Martin Street Suite 024, Ryanstad, KY 55924"
470,JULIE JOHNSON,,,"80274 Mary Parkway Suite 726, East Annamouth, WI 99033"
471,Joseph Zavala,angelabass@gmail.com,664.207.6327x135,"6259 Jeffery Pines Suite 879, South Paulatown, KS 68266"
472,Kelly Long,briancook@waters-green.com,8927396159,"0535 Cole Street Suite 897, Pagestad, GA 57692"
473,Laurie Huffman,dylan27@dalton.com,320.222.7111x757,"1620 Moore Plains, Danielview, OH 53473"
474,Crystal Brooks,amoses@silva.com,2698014264,"68017 Stephenson Trace, East Lindaland, ID 58913"
475,AMANDA PETERSON,carterjames@gutierrez.com,469-317-2947x638,"065 Brown Keys, Danielbury, PA 29974"
476,Michael Esparza,ambermiller@hotmail.com,635-049-6026,"5272 Kelly Ford Suite 499, Andrewtown, ND 57497"
477,Aaron Goodman,bmathis@gmail.com,8019290221,"PSC 4390, Box 4489, APO AE 77149"
478,Steven Bailey,jamiesmith@sanchez.com,(555)019-3545,"69888 Neal Fords, Port Kimberly, GA 39107"
479,Jennifer Martin,adrianmedina@yahoo.com,001-831-244-1290,"659 Stephanie Crest Apt. 376, North Timothy, OR 49219"
480,Austin Smith,danielle93@peterson-odom.com,001-226-713-1753,"4752 King Cove, Lake Anthony, NE 16290"
481,Randall Johnson,leslie24@lee.com,535-505-1432,"3087 Lowery Mountain, West Steven, MN 91258"
482,Shannon Hernandez,jeanking@morris.org,(048)770-6769,"29986 Davis Well, East Matthewside, LA 57293"
483,Stephen Cook,mariaweaver@yahoo.com,001-672-620-8467x292,"551 Jackson Estate, East Molly, WV 14432"
484,Heather Flynn,katherinezhang@yahoo.com,(863)942-0122,"49929 Kristin Rest Suite 627, East Roberttown, MA 07397"
485,Heather Lee,phuff@smith.org,019-335-3892,"1193 Phelps Square Apt. 608, South Todd, MD 52926"
486,Brian Cohen,wellsryan@gmail.com,(438)500-9537x2346,"231 Tonya Flat Suite 109, Justinland, ME 18486"
487,Michelle Price,darren37@gmail.com,768.576.0634x942,"6175 Garcia Plaza, Smithland, NM 81729"
488,Chelsea Evans,khanjustin@griffin.com,723-456-5386,"025 Mejia Land Apt. 626, West Haleyburgh, NC 57369"
489,Deborah Delgado,jeremy55@harmon-adams.com,(435)990-0937x8146,"614 Stanley Pike Suite 437, South Jessicaland, WV 59663"
490,TONYA BELL,paula72@hotmail.com,(368)154-1858x9900,"291 Kimberly Inlet Suite 078, Smithbury, MT 99184"
491,Amanda Lam,seanmelendez@hicks.info,+1-306-718-2226x67941,"865 Wayne Isle Apt. 673, Harrisburgh, NY 91412"
492,Sarah Avila,harmonleslie@hotmail.com,049-221-7048x61867,"20162 Thomas Valleys Apt. 891, South David, MT 92569"
493,Stephen Harris,vdavis@ferguson.org,269-420-3983x135,"45996 Johnson Light, North Christina, ND 58066"
494,Jacob Davies,jesse84@hartman.com,816.780.6643x158,"64928 Mark Flats, Hamptonville, AR 79023"
495,Jennifer Evans,harriswilliam@hotmail.com,8172628296,"8500 Thomas Parkways Suite 927, Christopherchester, AL 55942"
496,Melissa Ball,jacksonthomas@yahoo.com,,"3444 Mark Ranch, Mccoyburgh, KS 44280"
497,Miss Sheri Yoder MD,,(909)123-7530x28497,"96702 Allen Island, Port Kathy, ME 06009"
498,Daniel Duran,graveslisa@yahoo.com,001-403-648-8215x97738,"2323 Johnson Lodge Suite 998, Campbellland, MN 76716"
499,Robert Faulkner,kaitlynbean@jacobs.com,(699)206-6617,"USCGC Thompson, FPO AA 49909"
500,Leslie Preston,jasonwalton@woods.info,001-779-256-0413x482,"315 Carrie Summit Apt. 912, South Alejandro, CA 38458"
