Customer ID,Name,Email,Phone,Address
336,"""Valerie Simpson""",nweaver@hotmail.com,0000000000,"""0405 James River Ginashire Ak 88713"""
490,"""Tonya Bell""",paula72@hotmail.com,0000000000,"""291 Kimberly Inlet Suite 078 Smithbury Mt 99184"""
189,"""Tanya Mitchell""",katherine20@hotmail.com,0000000000,"""44913 Thomas Ford North Carmen Nd 71006"""
302,"""Juan Arnold""",weberantonio@hotmail.com,0000000000,"""Not Provided"""
197,"""Mark Warren Jr.""",hsmith@yahoo.com,0000000000,"""3522 Smith Mall Apt. 271 West Jacquelineborough Ct 70982"""
265,"""Charles Decker""",fullerdebbie@yahoo.com,0000000000,"""1122 Alexandra Station North Karen Ma 11138"""
70,"""Kevin Henry""","""stewartrodney@hotmail.com""",0000000000,"""8645 Amanda Freeway Pricefurt Ks 39939"""
256,"""Christopher Banks""",shane65@gmail.com,0000000000,"""Psc 6604 Box 6558 Apo Aa 53872"""
405,"""Matthew Hicks""",uperez@yahoo.com,0000000000,"""19556 Smith Skyway Apt. 969 New Manuel Nm 47392"""
354,"""Jordan Ortiz""","""brianmarquez@miller-williams.com""",0000000000,"""6694 Johnson Crest Apt. 533 Mooremouth Ne 52094"""
107,"""Victor Fowler""",noemail@example.com,0000000000,"""0580 Mark Loop Mooreville Nd 55343"""
241,"""Taylor Flores""",rubiodennis@hotmail.com,0000000000,"""837 Andrews Center Suite 977 Brownburgh Oh 59282"""
364,"""Linda Berry""",clinesteven@thomas.biz,6648698939,"""8694 Mark Radial Suite 501 New Dennisburgh Tx 63121"""
116,"""Colton Smith""",asullivan@yahoo.com,9160169236,"""Usnv Hicks Fpo Aa 83729"""
353,"""Breanna Patrick""",csmith@hotmail.com,0000000000,"""72680 Zachary Valleys Suite 712 Port Jennifermouth Ar 61247"""
187,"""Mr. Richard Hall""",kimberlyrussell@wade.com,2973270216,"""120 Johnson Expressway Apt. 288 Strongstad Mo 91848"""
375,"""Jeffrey Prince""",eadams@gmail.com,0000000000,"""708 Michael Points Apt. 668 West Angela Nd 95608"""
137,"""Amanda Lee""",patricia71@yahoo.com,0000000000,"""367 Gabriel Terrace Hartfurt Pa 36086"""
259,"""Russell Phillips""",jeffery45@hotmail.com,0000000000,"""Psc 0961 Box 7015 Apo Ap 47880"""
327,"""Claire Hoffman""",noemail@example.com,0000000000,"""Not Provided"""
476,"""Michael Esparza""",ambermiller@hotmail.com,0000000000,"""5272 Kelly Ford Suite 499 Andrewtown Nd 57497"""
485,"""Heather Lee""",phuff@smith.org,0000000000,"""1193 Phelps Square Apt. 608 South Todd Md 52926"""
477,"""Aaron Goodman""",bmathis@gmail.com,0000000000,"""Psc 4390 Box 4489 Apo Ae 77149"""
24,"""Alexander Chavez""",udavis@wong.com,1751868926,"""59222 Kayla Center Parkermouth Sc 24185"""
53,"""Oscar Smith""",johnsonlaurie@newman.com,0000000000,"""Unit 0254 Box 7292 Dpo Ap 70666"""
281,"""Kyle Santiago""",leahbarker@mcdaniel.net,0000000000,"""75367 Randolph Mount Suite 249 West Davidfurt Oh 52022"""
107,"""Victor Fowler""",noemail@example.com,9702316433,"""0580 Mark Loop Mooreville Nd 55343"""
398,"""Ricardo Chapman""",hunter14@cuevas.net,3326145430,"""73100 Tyler Pines Suite 221 West Jessicamouth Oh 37312"""
437,"""Eric Murphy""",jessica78@garcia.com,0000000000,"""3362 Oneal Roads Greenmouth Ri 77511"""
416,"""Rebecca Williams""",zjones@hotmail.com,2240507648,"""7546 Cindy Village West Brendan Sc 71492"""
395,"""Amanda Moss""",phernandez@collins.org,6433853247,"""Unit 2505 Box 8333 Dpo Aa 27017"""
371,"""Jessica Wagner""",lreed@king-rangel.com,0000000000,"""53912 Horne Passage Morganfurt Ri 74936"""
229,"""Ariel Ward""",noemail@example.com,0000000000,"""227 Bruce Unions Port Jodi Mn 81445"""
426,"""Kathryn Orozco""",lisarussell@miller.net,0000000000,"""92188 Michael Ferry Mclaughlinland Nj 43147"""
431,"""Max Williams""",elizabeth88@gmail.com,0000000000,"""56619 Newman Brook Paulville Ks 74600"""
123,"""Maurice Solis""",kyle14@berry.com,0000000000,"""7566 Allison Haven Suite 386 East Marcusshire Ar 93508"""
207,"""Stephen Turner""",joelharris@ramsey.net,0000000000,"""65469 Ferguson Key Suite 903 Port Joe Ma 66227"""
400,"""Brian Bartlett""",lisa78@johnson.com,0000000000,"""439 Kayla Forge Riceland Ga 05099"""
428,"""Wayne Barnes""",michael72@lowe.com,0000000000,"""Not Provided"""
454,"""Zachary Gonzalez""",michellehoward@yahoo.com,3300008863,"""3919 Aaron Pike Apt. 141 Yatestown Co 50895"""
380,"""Jeffery Adkins""",jeremy70@taylor.biz,0000000000,"""29876 Michelle Loop Suite 294 Sueville Va 12047"""
493,"""Stephen Harris""",vdavis@ferguson.org,0000000000,"""45996 Johnson Light North Christina Nd 58066"""
384,"""Aaron Miller""",samueledwards@howard.biz,3259479507,"""73279 Sarah Station Suite 031 North Toniport Ri 28842"""
86,"""Stacy Harrington""",nicolemiller@hotmail.com,0000000000,"""46810 Green Parkways Suite 101 Evanstown Ma 31446"""
346,"""John Newman""",evanlong@gmail.com,0000000000,"""29271 Brian Gateway Suite 871 South Jean Md 18625"""
272,"""Faith Howard""",rmolina@gmail.com,0000000000,"""61880 Barbara Glens Apt. 357 West Jessicastad Mo 69067"""
287,"""Chelsea Buchanan""",katiepalmer@gmail.com,0000000000,"""132 Carlos Lane North Justin Nm 89305"""
151,"""Grant Munoz""",dwilson@gardner.com,0000000000,"""Uscgc Nelson Fpo Ap 23583"""
16,"""Robert Davis""","""jessicacummings@yahoo.com""",0000000000,"""Psc 5566 Box 1390 Apo Ap 83363"""
288,"""Krista Barber""",kristin96@yahoo.com,0000000000,"""57303 Hampton Terrace Apt. 792 Randyberg In 58045"""
222,"""Eric Miranda""",cohensara@gmail.com,0000000000,"""Uscgc Valdez Fpo Aa 95720"""
475,"""Amanda Peterson""","""carterjames@gutierrez.com""",0000000000,"""065 Brown Keys Danielbury Pa 29974"""
387,"""David Perkins""","""jefferywalker@chase-jones.com""",0000000000,"""11667 Laura Ridges West Peggymouth Nh 44289"""
81,"""Nancy Wallace""",csmith@hotmail.com,3496050166,"""76789 Hall Circle Apt. 695 West Patriciachester Nj 15828"""
32,"""Henry Cook""","""beltrankatelyn@bradley-davis.info""",7477332945,"""7701 Rodriguez Neck Suite 245 New Dakota Vt 14523"""
51,"""Christine Cohen""",noemail@example.com,1657905528,"""53817 Karen Trace West Michael Ny 89659"""
499,"""Robert Faulkner""",kaitlynbean@jacobs.com,6992066617,"""Uscgc Thompson Fpo Aa 49909"""
92,"""Kathy Avery""",floresangela@gmail.com,4891382496,"""58238 Ali Point Williamsmouth Ri 38413"""
89,"""Kevin Williams""",jason70@gmail.com,0000000000,"""922 Gill Shores Suite 251 Hughesfurt Nd 06506"""
367,"""Jason Haynes""",sandersmatthew@reed.biz,0000000000,"""9160 Christian Harbors North Nathanhaven Ks 70415"""
461,"""Stacey Ortiz""",kristy47@yahoo.com,0000000000,"""2235 Cain Inlet Apt. 466 North Edward Wy 84019"""
381,"""Rebecca Robertson""",tharris@miller.com,0000000000,"""57483 Savage Drive Suite 806 Tiffanychester Wa 56765"""
392,"""Steven Malone""","""drogers@king-gonzalez.com""",0000000000,"""291 Fleming Via South Kennethton Ga 76790"""
323,"""Pamela Hughes""",floresjulie@gmail.com,0000000000,"""768 Christine Pine Suite 401 West Peggy Wy 69682"""
405,"""Matthew Hicks""",uperez@yahoo.com,0000000000,"""19556 Smith Skyway Apt. 969 New Manuel Nm 47392"""
429,"""Mark Thomas""",tgarza@gmail.com,0000000000,"""4183 Rodriguez Mountain Apt. 478 Jamieshire Nd 14501"""
149,"""John Scott""",shelbybonilla@yahoo.com,5466927589,"""Usnv Miller Fpo Aa 66815"""
132,"""Mark Long""",noemail@example.com,0000000000,"""5016 Gonzalez Pines South David Al 20899"""
448,"""David Mahoney""",isaacbrooks@yahoo.com,0000000000,"""616 Brent Bridge Apt. 867 North Sarah Wi 05107"""
385,"""Patricia Smith""",ramirezdavid@johns.com,0000000000,"""9520 Hughes Bypass South Tamarashire Al 84927"""
133,"""Danielle Ruiz""",michael28@yahoo.com,0000000000,"""66502 Stacy Shores Davidfort Nm 89857"""
102,"""Cheryl Gray""",carol30@hotmail.com,0000000000,"""Not Provided"""
344,"""Anita Bryant""",noemail@example.com,2918768316,"""717 Bryan Spur East Scott Va 28979"""
179,"""Kristy Bishop""",tina69@salazar.com,0000000000,"""960 Williams Trafficway Dominguezchester Ne 72530"""
399,"""Daniel Ochoa""",ryanbullock@yahoo.com,0000000000,"""Not Provided"""
73,"""Lori Meadows""",noemail@example.com,2152910867,"""33344 Reyes Meadows Apt. 934 South Henry Fl 04272"""
371,"""Jessica Wagner""",lreed@king-rangel.com,8385179937,"""53912 Horne Passage Morganfurt Ri 74936"""
49,"""Susan Lane""",jenkinsaimee@vargas.com,6335693929,"""Not Provided"""
328,"""Pamela Gordon""","""barnettlisa@colon-morrow.com""",1680941491,"""76283 May Road Apt. 053 Josephfort Nv 78991"""
241,"""Taylor Flores""",rubiodennis@hotmail.com,8921878519,"""837 Andrews Center Suite 977 Brownburgh Oh 59282"""
78,"""Tiffany Moore""",vowen@yahoo.com,8377674996,"""9266 Billy Junctions Suite 327 West Taylorland Nj 39874"""
85,"""Kelly Jones""",richard26@gmail.com,0000000000,"""Psc 9267 Box 3899 Apo Ap 58453"""
227,"""Erin Ellis""",noemail@example.com,0000000000,"""334 Roger Groves East Kelsey Dc 58125"""
333,"""Alexis Duran""","""christopherpittman@gmail.com""",0000000000,"""Usnv Sullivan Fpo Ae 96509"""
83,"""Scott Gordon""",ryan93@hoffman.com,0000000000,"""081 Crystal Ways West Eric Vt 58371"""
297,"""Felicia Williams""","""williamsimpson@solomon-le.biz""",0000000000,"""8486 Ryan Street South Tamarashire La 71121"""
329,"""Christopher Klein""",jessicahines@yahoo.com,0000000000,"""68841 James Motorway Apt. 125 Jenniferburgh Mi 53101"""
432,"""Jeffrey Weaver""",dcole@hotmail.com,0000000000,"""4299 Phillip Harbor Suite 686 Fredton Fl 17022"""
492,"""Sarah Avila""",harmonleslie@hotmail.com,0000000000,"""20162 Thomas Valleys Apt. 891 South David Mt 92569"""
295,"""Melissa Johnson""",heatherpatrick@yahoo.com,0000000000,"""17221 Townsend Spurs Bethfort Mt 16572"""
69,"""Casey Phelps""",brownpeggy@yahoo.com,0000000000,"""Not Provided"""
194,"""Danielle Smith""",masonlacey@moore.com,0000000000,"""Not Provided"""
52,"""Anthony Watson""",hmason@yahoo.com,0000000000,"""24127 Nancy Pike West Robertside Nj 45943"""
55,"""Ms. Bridget Cunningham""",hannah70@gmail.com,0000000000,"""01871 Lee Island Apt. 562 Woodstad La 45710"""
175,"""Kayla Thompson""","""diana95@espinoza-buchanan.com""",0000000000,"""Usnv Silva Fpo Aa 09357"""
136,"""Anthony Williams""",jason74@garcia.com,0000000000,"""12910 James Mission Apt. 189 Kevinfort Id 70435"""
487,"""Michelle Price""",darren37@gmail.com,0000000000,"""6175 Garcia Plaza Smithland Nm 81729"""
8,"""Jacob Green""",smithlisa@gmail.com,0774064930,"""8663 Jennifer Rue Claytonbury Co 55844"""
384,"""Aaron Miller""",samueledwards@howard.biz,0000000000,"""73279 Sarah Station Suite 031 North Toniport Ri 28842"""
312,"""Cindy Cole""",qramirez@lewis.com,0000000000,"""769 Brian Falls Port David Ar 67140"""
264,"""Chloe Lindsey""","""krystalhenderson@gmail.com""",0000000000,"""Not Provided"""
358,"""Anna Galvan""",mikemiles@duncan.org,0000000000,"""Psc 4482 Box 2175 Apo Ap 67759"""
5,"""Chad Barry""",jevans@hotmail.com,6120347175,"""845 Robert Keys Apt. 998 Port Justin Tx 67405"""
465,"""Jeffrey Walker""",johnsonsandra@rice.com,3716160881,"""23996 Castillo Trail Apt. 837 Maryton Mt 73856"""
424,"""Logan Patel""",jessica89@glenn.info,6999949812,"""Not Provided"""
1,"""Kelly Mclaughlin""",dunnjessica@herman.com,9376904268,"""451 Walter Via Heatherfurt Nj 32387"""
439,"""Amber Thomas""",msimon@hotmail.com,0000000000,"""Psc 4514 Box 3672 Apo Ap 51778"""
482,"""Shannon Hernandez""",jeanking@morris.org,0000000000,"""29986 Davis Well East Matthewside La 57293"""
403,"""Tonya Mccarthy""",wleblanc@yahoo.com,0000000000,"""Unit 3222 Box 8019 Dpo Aa 33761"""
158,"""Ryan Durham""",ygarcia@gutierrez.com,0000000000,"""55799 Eric Streets Saraborough Ak 70749"""
378,"""Jessica Thompson""",lcook@cole.com,0000000000,"""57090 Bryan Locks Lake Rachel Ky 07426"""
291,"""Troy Lee""",jlloyd@payne-scott.com,0000000000,"""Not Provided"""
66,"""Ariel Leonard""",wshaw@hotmail.com,3718344049,"""191 Nelson Port Simmonsstad Ca 85899"""
248,"""Sharon Sims""","""robert06@bennett-kirby.com""",0723111271,"""46484 Foley Green Apt. 163 New Meghanborough Nc 05179"""
367,"""Jason Haynes""",sandersmatthew@reed.biz,2122427677,"""9160 Christian Harbors North Nathanhaven Ks 70415"""
262,"""Lisa George""",jenny25@hotmail.com,0000000000,"""325 Jean Ridge Apt. 379 Zamoramouth Ct 50851"""
62,"""Matthew Miller""",noemail@example.com,9613674994,"""7967 Hernandez Motorway Apt. 147 Hallberg Ct 97205"""
345,"""Mary Levy""",hunter29@browning.com,6591438823,"""Psc 5539 Box 8358 Apo Aa 35468"""
347,"""Kristin Herman""",edwardburnett@taylor.biz,0048797888,"""3585 Joel Place Suite 003 West Tiffanybury Sd 11250"""
240,"""Mary Hill""",marthalucero@gmail.com,7320430977,"""2896 Francis Squares Lindaview Mn 48278"""
15,"""Mark Mckenzie""",annalewis@hotmail.com,6004908240,"""50488 Clinton Mount Ericview Or 33250"""
409,"""Brenda Dominguez""",jamie59@ball-white.com,2827636431,"""Not Provided"""
247,"""Michael Lozano""",ododson@flores.org,3140352635,"""Psc 6022 Box 9394 Apo Aa 89681"""
351,"""Linda Anderson""",frankjeremy@yahoo.com,2436585856,"""04120 Veronica Center Martinezburgh In 73577"""
117,"""Melissa Curtis""",johnjohnson@yahoo.com,7243992011,"""Not Provided"""
127,"""Mary Wright""",donna72@henry.com,1030324329,"""2961 Green Run Apt. 671 Ericaberg Il 09749"""
93,"""Carol Brown""",carla65@hotmail.com,0000000000,"""84639 Henson Junctions Tiffanymouth Ia 87306"""
139,"""Erika Potts""",rickycarr@yahoo.com,0000000000,"""498 Lisa Forges Suite 439 Moorebury Va 57373"""
443,"""George Cruz""",brendacarroll@yahoo.com,0000000000,"""89666 Matthew Gateway Gregoryland Ks 34111"""
482,"""Shannon Hernandez""",jeanking@morris.org,0000000000,"""29986 Davis Well East Matthewside La 57293"""
229,"""Ariel Ward""",noemail@example.com,0000000000,"""227 Bruce Unions Port Jodi Mn 81445"""
255,"""Lauren White""","""kpotts@blackwell-huerta.com""",0000000000,"""9709 Frey Lakes Jamesview Ak 64675"""
203,"""Teresa Collins""",noemail@example.com,0000000000,"""03571 Kyle Springs Lake Katelyn Me 07491"""
393,"""Kiara Wilson""",john84@harvey.com,0000000000,"""6706 Jackie Drives Apt. 986 Michaelport La 33889"""
209,"""Audrey Roman""",kimberly58@yahoo.com,0000000000,"""0740 Miranda Mount Suite 095 Ronaldport Ak 71640"""
368,"""Margaret Holder""","""rodriguezbrianna@olson-simpson.net""",0000000000,"""Not Provided"""
357,"""Ronald Gill""",jasonbarker@hotmail.com,0000000000,"""782 Christopher Centers Lake Elizabeth Sc 87066"""
4,"""Emily Smith""","""ucarpenter@salazar-green.net""",0000000000,"""2929 Lisa Stravenue Suite 386 Gonzalezberg Al 23649"""
386,"""Kenneth Hahn""","""paynejennifer@baker-osborne.com""",0000000000,"""55032 Poole Cliffs Suite 365 Davidfurt La 14364"""
110,"""Nicole James""",randysmith@gmail.com,7711837274,"""91241 Jackson Skyway Lake Joshuamouth Hi 28900"""
43,"""Heather Maldonado""",chensusan@gmail.com,7432806346,"""Psc 5717 Box 3203 Apo Ae 94838"""
343,"""Aaron Diaz""",keith18@trujillo.net,2312392049,"""018 Robert Overpass Apt. 387 Andrewburgh Nj 53457"""
280,"""Eric Fry""",stodd@hotmail.com,0000000000,"""444 Lawrence Islands Apt. 935 Jamesmouth Tx 54442"""
221,"""Wendy King""",travis25@hotmail.com,0000000000,"""772 Cameron Meadows Suite 175 East Kimberly In 28447"""
438,"""Rachel Norris""","""patelangela@perez-smith.com""",9684424648,"""Not Provided"""
306,"""Glenn West""","""meltonmark@gray-stone.com""",0000000000,"""00784 Robert Heights Apt. 442 Hammondfort Wv 69915"""
289,"""James Marquez""",stevenperry@gmail.com,0000000000,"""870 Jones Isle Apt. 482 North Dustinside Ar 03736"""
218,"""Karen Gonzales""",julianeal@gmail.com,0000000000,"""9252 Mills Lane Suite 287 South Penny Tn 08988"""
186,"""Brittany Farmer""","""benjaminvictoria@gordon.biz""",0000000000,"""Not Provided"""
101,"""Pamela Williams""","""jamesthompson@higgins-morgan.net""",0000000000,"""7355 Shelley Union Johnsland Fl 17644"""
273,"""Jenna Ray""",perezdawn@gmail.com,0000000000,"""00413 Maria Springs North Jonville Mi 87216"""
10,"""Kathleen Watson""","""christopher20@rowe-jones.info""",0000000000,"""376 Mayer Estate Lake Sharonhaven Ks 63576"""
363,"""Stephanie Peterson""",hullmanuel@davis.com,0000000000,"""44096 Bruce Mountains Mosleyland Nc 17117"""
209,"""Audrey Roman""",kimberly58@yahoo.com,2686120594,"""0740 Miranda Mount Suite 095 Ronaldport Ak 71640"""
283,"""Steven Knight""",noemail@example.com,8532089532,"""89021 Pacheco Crossing Apt. 363 South Chelsea Hi 29381"""
262,"""Lisa George""",jenny25@hotmail.com,6335357485,"""325 Jean Ridge Apt. 379 Zamoramouth Ct 50851"""
69,"""Casey Phelps""",brownpeggy@yahoo.com,0000000000,"""Not Provided"""
109,"""Jeanne Colon""",nwright@reynolds.org,0000000000,"""1185 Hayes Glen New Bradley Ca 84238"""
447,"""Tracy Bradshaw""",michellehall@carr.com,0000000000,"""3810 Klein Inlet Apt. 224 Johnsonside Fl 98072"""
71,"""Rodney Young""",ruthwelch@sullivan.info,0000000000,"""Not Provided"""
431,"""Max Williams""",elizabeth88@gmail.com,1856302750,"""56619 Newman Brook Paulville Ks 74600"""
92,"""Kathy Avery""",floresangela@gmail.com,0000000000,"""58238 Ali Point Williamsmouth Ri 38413"""
354,"""Jordan Ortiz""","""brianmarquez@miller-williams.com""",0000000000,"""6694 Johnson Crest Apt. 533 Mooremouth Ne 52094"""
465,"""Jeffrey Walker""",johnsonsandra@rice.com,0000000000,"""23996 Castillo Trail Apt. 837 Maryton Mt 73856"""
494,"""Jacob Davies""",jesse84@hartman.com,7806643158,"""64928 Mark Flats Hamptonville Ar 79023"""
95,"""Rhonda Walker""",noemail@example.com,3614987283,"""92124 Nicole Stream Jamestown Tx 70354"""
307,"""Jesse Turner""","""rharris@stuart-nelson.info""",0000000000,"""414 Francis Brooks Apt. 913 Johnnybury Tn 73371"""
355,"""Chase Gomez""","""mariahlyons@smith-brown.com""",0000000000,"""04938 Lori Port Suite 905 Lake Whitney Md 23061"""
494,"""Jacob Davies""",jesse84@hartman.com,0000000000,"""64928 Mark Flats Hamptonville Ar 79023"""
383,"""Justin Daniel""","""fernandezmathew@rodriguez-snyder.com""",0000000000,"""Not Provided"""
430,"""Eileen Silva Md""",alejandro92@hotmail.com,0000000000,"""82484 Meyer Trail North Angela Ok 73317"""
104,"""John Ortiz""",joshua02@yahoo.com,0000000000,"""Psc 1115 Box 0835 Apo Ae 88988"""
438,"""Rachel Norris""","""patelangela@perez-smith.com""",0000000000,"""Not Provided"""
345,"""Mary Levy""",hunter29@browning.com,0000000000,"""Psc 5539 Box 8358 Apo Aa 35468"""
79,"""Carl Leach""",dphillips@jones.biz,0000000000,"""459 Todd Mission Suite 523 North Julie Ks 88766"""
410,"""Michael Floyd""",fostersarah@hotmail.com,0000000000,"""88223 Brittney Parkway Suite 297 New Elizabeth Sd 68971"""
204,"""Dustin Ramirez""",mperez@yahoo.com,0000000000,"""209 Moore Port Apt. 654 West Holly Oh 97904"""
151,"""Grant Munoz""",dwilson@gardner.com,0000000000,"""Uscgc Nelson Fpo Ap 23583"""
313,"""Kimberly Jones""","""alicia14@rivera-taylor.com""",0000000000,"""572 Haney Junction North Kathytown Tn 91056"""
401,"""Craig Dean""",aprilmyers@hotmail.com,0000000000,"""22273 Patricia Rapids North Justin Nj 91096"""
7,"""Allison Sanders""",noemail@example.com,0000000000,"""979 Mills Route Reginafort In 12239"""
340,"""Marc Cisneros""","""campbellkayla@johnson.com""",1987809270,"""88856 Pamela Isle Butlermouth Wi 76990"""
407,"""Gerald Ray""",noemail@example.com,9165430895,"""Not Provided"""
277,"""Austin Baker""",pmorales@gmail.com,0000000000,"""296 Anita Fort East Kevin Ut 51712"""
238,"""Rebecca Daniel""",loretta55@gmail.com,0000000000,"""Not Provided"""
470,"""Julie Johnson""",noemail@example.com,0000000000,"""80274 Mary Parkway Suite 726 East Annamouth Wi 99033"""
205,"""Ann Ayala""",noemail@example.com,0000000000,"""5125 Martin Plains Apt. 079 Watkinschester Mo 62573"""
366,"""Denise Leach""",djimenez@yahoo.com,6577580974,"""89062 Melody Land Laurenfurt Dc 83539"""
266,"""Paul Vasquez""",zmay@moore.info,1433080037,"""22855 Avila Skyway Smithport Ak 88272"""
435,"""Scott Garcia""",tracy91@jones-rogers.com,4774473535,"""8417 Michael Hills Suite 344 North Mathew Ny 70534"""
62,"""Matthew Miller""",noemail@example.com,0000000000,"""7967 Hernandez Motorway Apt. 147 Hallberg Ct 97205"""
7,"""Allison Sanders""",noemail@example.com,2005577848,"""979 Mills Route Reginafort In 12239"""
270,"""Stephen Neal""",andrew97@gmail.com,0000000000,"""Psc 1447 Box 3404 Apo Ae 31279"""
36,"""Shannon English""",shawncoleman@yahoo.com,9097384689,"""751 Nixon Common Lake Jessica Wv 37125"""
141,"""Adam Rivas""",johnmiller@mays.com,1851327972,"""Not Provided"""
294,"""Samantha Howard""",martinkyle@williams.com,9032671494,"""421 Obrien Green Lake Kimberly Ct 65567"""
427,"""Pamela Everett""","""ecisneros@cruz-curtis.biz""",0000000000,"""Uss Murray Fpo Ap 91568"""
284,"""Aaron Lambert""",ogriffin@gmail.com,0000000000,"""8550 Romero Loaf Suite 935 Lake Chris Ut 90059"""
343,"""Aaron Diaz""",keith18@trujillo.net,0000000000,"""018 Robert Overpass Apt. 387 Andrewburgh Nj 53457"""
213,"""Matthew Duncan""",whoffman@clark.com,0299295966,"""Unit 0487 Box 3682 Dpo Aa 80077"""
251,"""Barbara Walker""","""smithmadison@pineda-newman.com""",9457727853,"""4250 Trujillo Divide South Robertside In 53222"""
324,"""Dr. Grace Young""",owilliams@brooks.com,0000000000,"""9269 Wang Ports Suite 489 Davishaven Fl 70659"""
497,"""Miss Sheri Yoder Md""",noemail@example.com,0000000000,"""96702 Allen Island Port Kathy Me 06009"""
176,"""Samuel Moore""","""portererin@wolf-zavala.com""",0000000000,"""025 Holly Lane Apt. 983 West Travis La 30057"""
156,"""Christopher Armstrong""",angelamyers@hotmail.com,0000000000,"""196 Hood Estate Jamesland Ne 02013"""
152,"""Benjamin Sullivan""",hsavage@gmail.com,0000000000,"""Unit 6596 Box 0893 Dpo Ae 95229"""
7,"""Allison Sanders""",noemail@example.com,0000000000,"""979 Mills Route Reginafort In 12239"""
368,"""Margaret Holder""","""rodriguezbrianna@olson-simpson.net""",0000000000,"""Not Provided"""
147,"""Amanda Adams""",uwilliams@harding.com,0000000000,"""9042 Faith Common Apt. 332 New Zachary Pa 85880"""
70,"""Kevin Henry""","""stewartrodney@hotmail.com""",0000000000,"""8645 Amanda Freeway Pricefurt Ks 39939"""
247,"""Michael Lozano""",ododson@flores.org,0000000000,"""Psc 6022 Box 9394 Apo Aa 89681"""
231,"""Larry Walsh""",qharrison@gmail.com,0000000000,"""9133 Lopez Shoals Suite 579 Kathleenberg Ne 49622"""
276,"""Tracy Jones""",ywright@hotmail.com,0000000000,"""7560 Reid Coves Wellsview Oh 92519"""
278,"""Anthony French""",brenda04@flores.info,0000000000,"""28217 Ashlee Gateway Francostad Ks 53767"""
348,"""Sarah Berry""",kjones@wiggins.com,0000000000,"""93096 Miller Spur Davisville Mo 06847"""
273,"""Jenna Ray""",perezdawn@gmail.com,0000000000,"""00413 Maria Springs North Jonville Mi 87216"""
27,"""Lori Benitez""",ronald54@hotmail.com,0000000000,"""430 Andrew Road Lake Melaniechester Az 44251"""
90,"""Stacy Fitzgerald""","""jasminearmstrong@parker.com""",0000000000,"""43397 Lindsay Rest Richardton Ak 45059"""
376,"""Lisa Moore""",riceamber@hotmail.com,0000000000,"""57197 Johnson Ranch Apt. 201 South Nicole Mi 60080"""
292,"""Jordan Porter""",cranekevin@yahoo.com,0000000000,"""9541 Francisco Orchard Apt. 506 Briggsberg Nj 04511"""
465,"""Jeffrey Walker""",johnsonsandra@rice.com,0000000000,"""23996 Castillo Trail Apt. 837 Maryton Mt 73856"""
207,"""Stephen Turner""",joelharris@ramsey.net,0000000000,"""65469 Ferguson Key Suite 903 Port Joe Ma 66227"""
101,"""Pamela Williams""","""jamesthompson@higgins-morgan.net""",2302410261,"""7355 Shelley Union Johnsland Fl 17644"""
357,"""Ronald Gill""",jasonbarker@hotmail.com,1970142620,"""782 Christopher Centers Lake Elizabeth Sc 87066"""
266,"""Paul Vasquez""",zmay@moore.info,0000000000,"""22855 Avila Skyway Smithport Ak 88272"""
119,"""Lori Oneill""","""carternicholas@brown-johnson.com""",4090138069,"""Not Provided"""
431,"""Max Williams""",elizabeth88@gmail.com,0000000000,"""56619 Newman Brook Paulville Ks 74600"""
372,"""Virginia Rose""","""torrestricia@riley-anderson.info""",0000000000,"""424 Rebecca Village Apt. 972 East Ashley Fl 15276"""
326,"""Lawrence Nguyen""",rachelmeyer@hotmail.com,0000000000,"""9582 Guerrero Course Berrystad Sc 10043"""
88,"""Melissa Gould Phd""",drewmartinez@hotmail.com,0000000000,"""59408 David Inlet Kevinfort Wy 19227"""
104,"""John Ortiz""",joshua02@yahoo.com,0000000000,"""Psc 1115 Box 0835 Apo Ae 88988"""
445,"""Rebecca House""","""barnesrichard@hotmail.com""",0000000000,"""8727 Shawn Flat Lake Tammyside De 14349"""
317,"""Scott Thompson""",pgilmore@hotmail.com,0000000000,"""289 Russell Estate Apt. 362 Jenniferhaven Il 14144"""
23,"""Jamie Edwards""",hayesmargaret@rich.net,6086803476,"""2649 Hannah Divide Suite 718 East Kimberlyside Mo 54707"""
97,"""John Morton""",john73@yahoo.com,0000000000,"""65120 Brown Ridge Joneston Ar 39156"""
492,"""Sarah Avila""",harmonleslie@hotmail.com,0000000000,"""20162 Thomas Valleys Apt. 891 South David Mt 92569"""
170,"""Chris Levy""",tommy14@chavez.com,1074065004,"""821 Thomas Street Apt. 691 Jefferyfort Ia 89433"""
144,"""Colleen Miller""",harrismelissa@yahoo.com,7210552472,"""Not Provided"""
12,"""Michael Howard""",noemail@example.com,0000000000,"""570 Gross Brook Suite 935 Lake Tammyfurt Nc 90052"""
164,"""Kelly Allen""",ubray@hotmail.com,1583311703,"""6371 Clark Ramp Kathleenport Nh 86391"""
316,"""Kristen Williams""",russelljohn@hotmail.com,0000000000,"""Psc 6481 Box 8804 Apo Ap 96614"""
462,"""David Rodgers""",michaelandrews@gmail.com,0000000000,"""3063 Perez Springs Vincenthaven Hi 95399"""
373,"""Miss Kathryn Myers""",tonyaholmes@glass.com,0000000000,"""6610 William Roads Suite 610 Port Kennethstad Wy 12682"""
63,"""Barry Gregory""",ujacobs@turner.com,0000000000,"""Uss Ewing Fpo Ae 50784"""
39,"""Kenneth Wilkinson""",karla10@marshall.com,7428604765,"""Uss Davis Fpo Ap 84049"""
22,"""Matthew White""",kwells@gmail.com,0000000000,"""Psc 7975 Box 7366 Apo Ae 80183"""
397,"""Amy Clark""","""christiancooper@yahoo.com""",8095948152,"""5966 Richard Falls Port Sandratown Ky 18419"""
184,"""Dr. Daniel Brown""",penny85@alexander.com,2290310287,"""304 Smith Vista Amberton Ia 46340"""
5,"""Chad Barry""",jevans@hotmail.com,0000000000,"""845 Robert Keys Apt. 998 Port Justin Tx 67405"""
196,"""Luis Wells""","""saundersjohnathan@yang-flowers.com""",3878753577,"""61620 April Crossing East Samuel Az 56099"""
210,"""Edward Butler""",kenneth09@gmail.com,3218122764,"""938 Williams Islands Suite 029 South Williamland Sc 98708"""
129,"""Becky Fox""",wdavis@hotmail.com,0000000000,"""9240 Diane Divide Suite 940 Jasminebury Pa 55321"""
130,"""Catherine Andersen""",joshua68@hotmail.com,4146511131,"""48706 Timothy Passage South Alexanderborough Wa 01456"""
52,"""Anthony Watson""",hmason@yahoo.com,0000000000,"""24127 Nancy Pike West Robertside Nj 45943"""
424,"""Logan Patel""",jessica89@glenn.info,0000000000,"""Not Provided"""
285,"""Richard Clark""",richard34@gmail.com,0000000000,"""1645 Joseph Green Suite 223 Port Barry Mn 06789"""
233,"""Charlotte Peterson Dvm""","""barnettmatthew@hotmail.com""",0000000000,"""7681 Raymond Pass Apt. 230 Lake Julie Pa 20393"""
269,"""Danielle Jensen""","""harveymercedes@conrad-turner.biz""",0000000000,"""2473 Samantha Summit South Gregville Va 31277"""
271,"""Rita Forbes""","""shansen@conner-baldwin.com""",0000000000,"""Not Provided"""
442,"""James Bullock""","""nicholasmorales@yahoo.com""",0000000000,"""058 Cantrell Terrace Davisport Tn 32785"""
181,"""Billy Wright""",wthornton@wallace.com,0000000000,"""348 David Stream North Tiffany Nv 85685"""
56,"""William Sawyer""","""jessicawallace@lara-roberts.biz""",0000000000,"""462 Page Throughway Apt. 326 Angelaton Me 77205"""
148,"""Patricia West""",kelly96@macdonald.biz,0000000000,"""171 Edwards Hill Apt. 149 Michaelland Vt 60891"""
192,"""Howard Castillo""","""danielibarra@barnes-west.com""",0000000000,"""0854 Jenkins Valleys Colemanview Ar 35669"""
493,"""Stephen Harris""",vdavis@ferguson.org,0000000000,"""45996 Johnson Light North Christina Nd 58066"""
259,"""Russell Phillips""",jeffery45@hotmail.com,0000000000,"""Psc 0961 Box 7015 Apo Ap 47880"""
42,"""Matthew Rodriguez""","""christinarodriguez@yahoo.com""",0000000000,"""Not Provided"""
181,"""Billy Wright""",wthornton@wallace.com,0000000000,"""348 David Stream North Tiffany Nv 85685"""
193,"""Mr. Mark Williams""",noemail@example.com,0000000000,"""8108 Michael Flat Apt. 863 Lauriestad Mt 28762"""
398,"""Ricardo Chapman""",hunter14@cuevas.net,0000000000,"""73100 Tyler Pines Suite 221 West Jessicamouth Oh 37312"""
319,"""Ronald Brown""","""robertsdanielle@yahoo.com""",0000000000,"""11197 Griffith Turnpike New Brandonborough Or 12483"""
155,"""Renee Contreras""",jeffreygibson@yahoo.com,0000000000,"""446 Adam Mall Apt. 002 Maryhaven Wa 79137"""
403,"""Tonya Mccarthy""",wleblanc@yahoo.com,4673574223,"""Unit 3222 Box 8019 Dpo Aa 33761"""
291,"""Troy Lee""",jlloyd@payne-scott.com,1204713727,"""Not Provided"""
448,"""David Mahoney""",isaacbrooks@yahoo.com,4326118900,"""616 Brent Bridge Apt. 867 North Sarah Wi 05107"""
190,"""Adriana Wall""",james96@wallace.com,0000000000,"""7815 Ryan Squares Suite 380 East Derrickfurt In 88758"""
136,"""Anthony Williams""",jason74@garcia.com,2555989534,"""12910 James Mission Apt. 189 Kevinfort Id 70435"""
111,"""Stephanie Patel""",copelandlisa@hotmail.com,0000000000,"""Not Provided"""
451,"""Charles Wong""",matthewlewis@nelson.com,4477269032,"""1327 Miller Mountain Suite 802 Stacystad Nd 46475"""
16,"""Robert Davis""","""jessicacummings@yahoo.com""",0000000000,"""Psc 5566 Box 1390 Apo Ap 83363"""
461,"""Stacey Ortiz""",kristy47@yahoo.com,0000000000,"""2235 Cain Inlet Apt. 466 North Edward Wy 84019"""
252,"""Mark Clark""",dstephenson@hotmail.com,0000000000,"""8654 Philip Mountains Apt. 874 Williamsborough Oh 21042"""
333,"""Alexis Duran""","""christopherpittman@gmail.com""",5521650587,"""Usnv Sullivan Fpo Ae 96509"""
206,"""Dawn Brooks""",tgregory@gmail.com,0000000000,"""839 David Isle Apt. 142 Stephenburgh Al 86826"""
65,"""Bethany Richardson""","""oscar65@jenkins-brown.com""",3491141520,"""6986 Smith Mountains West Nicholasfurt Ok 13310"""
185,"""Jonathon Wilson""",jameshudson@perry.com,5955657490,"""2901 Lindsey Pass Shelbyfurt Or 04773"""
223,"""Timothy Kennedy""",noemail@example.com,6060652740,"""44505 Gibbs Islands Port Jason Nv 36409"""
231,"""Larry Walsh""",qharrison@gmail.com,7932382231,"""9133 Lopez Shoals Suite 579 Kathleenberg Ne 49622"""
138,"""Aaron Armstrong""",ugordon@green.com,0000000000,"""Psc 4033 Box 8105 Apo Ap 79820"""
185,"""Jonathon Wilson""",jameshudson@perry.com,0000000000,"""2901 Lindsey Pass Shelbyfurt Or 04773"""
68,"""Chris Jennings""",noemail@example.com,0000000000,"""47786 Lucas Camp East Joseph Ks 36909"""
411,"""Taylor Garcia""","""coffeywhitney@griffin.info""",0000000000,"""Not Provided"""
297,"""Felicia Williams""","""williamsimpson@solomon-le.biz""",0000000000,"""8486 Ryan Street South Tamarashire La 71121"""
62,"""Matthew Miller""",noemail@example.com,0000000000,"""7967 Hernandez Motorway Apt. 147 Hallberg Ct 97205"""
232,"""Lauren Michael""",noemail@example.com,5097753967,"""Unit 7948 Box 7148 Dpo Aa 44705"""
278,"""Anthony French""",brenda04@flores.info,3777312688,"""28217 Ashlee Gateway Francostad Ks 53767"""
324,"""Dr. Grace Young""",owilliams@brooks.com,8599144920,"""9269 Wang Ports Suite 489 Davishaven Fl 70659"""
268,"""Patricia Harris""","""hughesdaniel@gonzalez.com""",5703943804,"""3765 Joyce Rapids South Timothy La 87929"""
413,"""Scott Lee""",isaac63@hotmail.com,0437968680,"""294 Mullins Causeway Apt. 177 Calebview Az 40097"""
304,"""Robert Sullivan""",erik83@cook.org,0000000000,"""Not Provided"""
447,"""Tracy Bradshaw""",michellehall@carr.com,0000000000,"""3810 Klein Inlet Apt. 224 Johnsonside Fl 98072"""
210,"""Edward Butler""",kenneth09@gmail.com,0000000000,"""938 Williams Islands Suite 029 South Williamland Sc 98708"""
302,"""Juan Arnold""",weberantonio@hotmail.com,0000000000,"""Not Provided"""
414,"""Fernando Moore""",martinlisa@hotmail.com,2752332829,"""02569 Jason Wells East Andrewborough Mt 61901"""
368,"""Margaret Holder""","""rodriguezbrianna@olson-simpson.net""",3129957047,"""Not Provided"""
398,"""Ricardo Chapman""",hunter14@cuevas.net,0000000000,"""73100 Tyler Pines Suite 221 West Jessicamouth Oh 37312"""
391,"""Amy Davis""",noemail@example.com,0000000000,"""2322 Jimenez Vista Lake Nancy Mn 94591"""
60,"""Nicole Patton""",jackbell@thomas.com,0000000000,"""334 Rachel Plain Lake Coreyborough Ny 93268"""
63,"""Barry Gregory""",ujacobs@turner.com,0000000000,"""Uss Ewing Fpo Ae 50784"""
73,"""Lori Meadows""",noemail@example.com,0000000000,"""33344 Reyes Meadows Apt. 934 South Henry Fl 04272"""
422,"""Joseph Rosales""","""fuenteschristopher@davis.com""",0000000000,"""Psc 1918 Box 5488 Apo Ae 51548"""
226,"""Katherine Andrews""",noemail@example.com,0000000000,"""8606 Smith Village Suite 003 Ronaldview In 77096"""
122,"""Jessica Hall""",carterdaniel@yahoo.com,0000000000,"""5528 Daniel Branch Suite 524 South Erin Pa 37645"""
220,"""Deborah Ramirez""",noemail@example.com,0000000000,"""749 Bonnie Wall Lake Oliviaborough Sc 81033"""
39,"""Kenneth Wilkinson""",karla10@marshall.com,0000000000,"""Uss Davis Fpo Ap 84049"""
240,"""Mary Hill""",marthalucero@gmail.com,0000000000,"""2896 Francis Squares Lindaview Mn 48278"""
112,"""Daniel Weaver""",noemail@example.com,0650637314,"""Not Provided"""
282,"""Colin Villa""",jdonovan@hotmail.com,3406791766,"""Not Provided"""
484,"""Heather Flynn""",katherinezhang@yahoo.com,8639420122,"""49929 Kristin Rest Suite 627 East Roberttown Ma 07397"""
167,"""Jenna Garcia""",yharris@gmail.com,0000000000,"""57207 Cook Fall Nicoleburgh Wv 01776"""
98,"""Jennifer Williamson""",michellecobb@hotmail.com,0000000000,"""10919 Rebecca Crossroad Michaelfort Ri 58778"""
249,"""Brian Perez""","""christophersteele@gmail.com""",6957279083,"""90254 Michael Flats Apt. 662 Williambury Sc 25973"""
222,"""Eric Miranda""",cohensara@gmail.com,0000000000,"""Uscgc Valdez Fpo Aa 95720"""
169,"""Jason Robinson""",noemail@example.com,0000000000,"""4309 Flowers Crossing Suite 795 Danieltown Tx 19785"""
386,"""Kenneth Hahn""","""paynejennifer@baker-osborne.com""",3944953006,"""55032 Poole Cliffs Suite 365 Davidfurt La 14364"""
34,"""Linda Wilkins""",dnewman@gmail.com,0000000000,"""54946 Mooney Prairie New Valeriefurt Dc 39060"""
211,"""James White""",copelandryan@gmail.com,0000000000,"""2480 Browning Springs Suite 406 North Kimberly Dc 36515"""
371,"""Jessica Wagner""",lreed@king-rangel.com,0000000000,"""53912 Horne Passage Morganfurt Ri 74936"""
167,"""Jenna Garcia""",yharris@gmail.com,0000000000,"""57207 Cook Fall Nicoleburgh Wv 01776"""
102,"""Cheryl Gray""",carol30@hotmail.com,0000000000,"""Not Provided"""
364,"""Linda Berry""",clinesteven@thomas.biz,0000000000,"""8694 Mark Radial Suite 501 New Dennisburgh Tx 63121"""
279,"""Jeffrey Harrell""",leejessica@yahoo.com,0000000000,"""061 Janet Trail Apt. 054 Campbellmouth Nd 79838"""
426,"""Kathryn Orozco""",lisarussell@miller.net,0000000000,"""92188 Michael Ferry Mclaughlinland Nj 43147"""
148,"""Patricia West""",kelly96@macdonald.biz,0000000000,"""171 Edwards Hill Apt. 149 Michaelland Vt 60891"""
355,"""Chase Gomez""","""mariahlyons@smith-brown.com""",0000000000,"""04938 Lori Port Suite 905 Lake Whitney Md 23061"""
389,"""Gregory Martin""",noemail@example.com,0000000000,"""638 Cook Plaza Lake Briannamouth Wa 61285"""
78,"""Tiffany Moore""",vowen@yahoo.com,0000000000,"""9266 Billy Junctions Suite 327 West Taylorland Nj 39874"""
276,"""Tracy Jones""",ywright@hotmail.com,0000000000,"""7560 Reid Coves Wellsview Oh 92519"""
45,"""Charles Valdez""",sanchezdeborah@gmail.com,0000000000,"""36565 Theresa Ports West Mary Il 06476"""
382,"""Kevin Robinson""",sarah83@hotmail.com,4628055077,"""Psc 0657 Box 9551 Apo Aa 52545"""
345,"""Mary Levy""",hunter29@browning.com,0000000000,"""Psc 5539 Box 8358 Apo Aa 35468"""
11,"""Christina Clay""",youngryan@jackson.org,6300979251,"""Not Provided"""
170,"""Chris Levy""",tommy14@chavez.com,0000000000,"""821 Thomas Street Apt. 691 Jefferyfort Ia 89433"""
206,"""Dawn Brooks""",tgregory@gmail.com,0000000000,"""839 David Isle Apt. 142 Stephenburgh Al 86826"""
184,"""Dr. Daniel Brown""",penny85@alexander.com,0000000000,"""304 Smith Vista Amberton Ia 46340"""
251,"""Barbara Walker""","""smithmadison@pineda-newman.com""",0000000000,"""4250 Trujillo Divide South Robertside In 53222"""
171,"""Jenny Rasmussen""",samantha94@elliott.com,0000000000,"""266 Dillon Mills Suite 857 Ronaldchester Nh 04128"""
384,"""Aaron Miller""",samueledwards@howard.biz,0000000000,"""73279 Sarah Station Suite 031 North Toniport Ri 28842"""
483,"""Stephen Cook""",mariaweaver@yahoo.com,0000000000,"""551 Jackson Estate East Molly Wv 14432"""
234,"""Kerry Williams""",noemail@example.com,0000000000,"""7524 Charles Station Suite 399 North Karinaberg Nj 21505"""
47,"""Aaron Young""","""montgomerymichelle@romero.com""",2772200543,"""701 Sara Fall Apt. 078 North Pattymouth Or 43226"""
350,"""Joshua Guerrero""",kimberly12@yahoo.com,1140868250,"""29462 Mary Ramp Apt. 556 Port Judytown Il 94305"""
381,"""Rebecca Robertson""",tharris@miller.com,4502589632,"""57483 Savage Drive Suite 806 Tiffanychester Wa 56765"""
154,"""Belinda Porter""",noemail@example.com,6528928664,"""491 Linda Cove Apt. 096 South Karenside Sc 58710"""
108,"""Benjamin Friedman""",monicacollins@ortega.com,3874302716,"""597 Ford Canyon West Debbiemouth Ut 93778"""
102,"""Cheryl Gray""",carol30@hotmail.com,3842530428,"""Not Provided"""
369,"""Sharon Patel""",terri25@yahoo.com,3854540064,"""7523 Daniel Fields Apt. 748 Flemingland Nv 52686"""
83,"""Scott Gordon""",ryan93@hoffman.com,8910771199,"""081 Crystal Ways West Eric Vt 58371"""
380,"""Jeffery Adkins""",jeremy70@taylor.biz,5007418948,"""29876 Michelle Loop Suite 294 Sueville Va 12047"""
163,"""Misty Perez""",noemail@example.com,0000000000,"""Psc 9712 Box 5296 Apo Ap 59061"""
472,"""Kelly Long""","""briancook@waters-green.com""",0000000000,"""0535 Cole Street Suite 897 Pagestad Ga 57692"""
200,"""Sara Castro""",gina86@hotmail.com,0000000000,"""Uss Gonzalez Fpo Aa 69445"""
258,"""Nathan Davis""",jasonlove@yahoo.com,0000000000,"""Not Provided"""
448,"""David Mahoney""",isaacbrooks@yahoo.com,0000000000,"""616 Brent Bridge Apt. 867 North Sarah Wi 05107"""
176,"""Samuel Moore""","""portererin@wolf-zavala.com""",0000000000,"""025 Holly Lane Apt. 983 West Travis La 30057"""
358,"""Anna Galvan""",mikemiles@duncan.org,0000000000,"""Psc 4482 Box 2175 Apo Ap 67759"""
44,"""Cynthia Price Phd""",zferguson@yahoo.com,0000000000,"""Not Provided"""
209,"""Audrey Roman""",kimberly58@yahoo.com,0000000000,"""0740 Miranda Mount Suite 095 Ronaldport Ak 71640"""
246,"""Bradley Johnson""","""anna96@jimenez-hartman.com""",0000000000,"""Unit 6358 Box 0688 Dpo Ae 67183"""
419,"""Justin White""",mercedes22@bennett.com,0000000000,"""Not Provided"""
352,"""Antonio George Jr.""",lsimmons@gutierrez.com,4203403010,"""9756 Dean Land Suite 955 Ronaldburgh Ks 63359"""
215,"""Jennifer Barnes""","""montgomerydillon@gordon.biz""",5932971509,"""832 Wood Well Apt. 273 Davidland Ak 27633"""
474,"""Crystal Brooks""",amoses@silva.com,2698014264,"""68017 Stephenson Trace East Lindaland Id 58913"""
74,"""Dennis Williamson""",brandi71@harrison.biz,0000000000,"""Uss Smith Fpo Ap 81720"""
393,"""Kiara Wilson""",john84@harvey.com,9131670805,"""6706 Jackie Drives Apt. 986 Michaelport La 33889"""
271,"""Rita Forbes""","""shansen@conner-baldwin.com""",7782558825,"""Not Provided"""
135,"""Ashley Cross""","""victoriagarza@hernandez.com""",0000000000,"""56708 Schneider Hollow West Michaelstad Mt 32871"""
138,"""Aaron Armstrong""",ugordon@green.com,0000000000,"""Psc 4033 Box 8105 Apo Ap 79820"""
331,"""Elizabeth Williams""",dhill@hayes.com,0000000000,"""179 Curtis Fields Aprilchester Ok 72082"""
451,"""Charles Wong""",matthewlewis@nelson.com,0000000000,"""1327 Miller Mountain Suite 802 Stacystad Nd 46475"""
468,"""Alexander Turner""",zburke@cervantes.com,0000000000,"""95348 Clarence Islands Port Davidview Nm 55631"""
445,"""Rebecca House""","""barnesrichard@hotmail.com""",0000000000,"""8727 Shawn Flat Lake Tammyside De 14349"""
450,"""Brian Fernandez""",paulthomas@gmail.com,0000000000,"""0744 Richard Drive Port Kevin Wy 17769"""
489,"""Deborah Delgado""","""jeremy55@harmon-adams.com""",0000000000,"""614 Stanley Pike Suite 437 South Jessicaland Wv 59663"""
474,"""Crystal Brooks""",amoses@silva.com,0000000000,"""68017 Stephenson Trace East Lindaland Id 58913"""
320,"""Christina Robinson""",yvonne06@gmail.com,7561786880,"""00915 Rodriguez Crossroad East Haleymouth Sc 92623"""
171,"""Jenny Rasmussen""",samantha94@elliott.com,0000000000,"""266 Dillon Mills Suite 857 Ronaldchester Nh 04128"""
31,"""Joseph Mejia""",edward41@mullen.net,0000000000,"""587 David Mountains Apt. 160 South Philipshire Ut 92168"""
6,"""Dr. Steve James""",jwelch@gmail.com,0000000000,"""7598 Gutierrez Ferry Apt. 234 East Garrettville Ca 62522"""
458,"""Evelyn Dunn""",fullerkristie@yahoo.com,6100792304,"""12838 Stephen Burgs Lake Natashaburgh Dc 74923"""
22,"""Matthew White""",kwells@gmail.com,0604633312,"""Psc 7975 Box 7366 Apo Ae 80183"""
104,"""John Ortiz""",joshua02@yahoo.com,4151488814,"""Psc 1115 Box 0835 Apo Ae 88988"""
143,"""Shannon Spence""",dylan77@wilson.com,1522655767,"""523 Barnes Parks Suite 883 Millerchester Ok 91399"""
360,"""Paul Lane""",adamsbrianna@gmail.com,9615607832,"""6517 White Route New Saraport Ri 49825"""
303,"""Tara Morrison""","""daniel45@beasley-white.com""",0000000000,"""416 Larry Wells Suite 154 East Caseyshire Ct 63019"""
14,"""Morgan Davenport""",susandavis@hall.com,2886195761,"""685 Amanda Rapid Mahoneymouth Md 49223"""
326,"""Lawrence Nguyen""",rachelmeyer@hotmail.com,0405612996,"""9582 Guerrero Course Berrystad Sc 10043"""
14,"""Morgan Davenport""",susandavis@hall.com,0000000000,"""685 Amanda Rapid Mahoneymouth Md 49223"""
190,"""Adriana Wall""",james96@wallace.com,7412415131,"""7815 Ryan Squares Suite 380 East Derrickfurt In 88758"""
433,"""Thomas Carr""",btaylor@gmail.com,2190533470,"""6484 Watson Fork Suite 521 New Jeffrey Nm 11227"""
227,"""Erin Ellis""",noemail@example.com,1089028515,"""334 Roger Groves East Kelsey Dc 58125"""
126,"""Frederick Reeves""","""bhess@hawkins-herrera.net""",0000000000,"""321 York Bypass North Williamstad Ga 55951"""
287,"""Chelsea Buchanan""",katiepalmer@gmail.com,0000000000,"""132 Carlos Lane North Justin Nm 89305"""
126,"""Frederick Reeves""","""bhess@hawkins-herrera.net""",0000000000,"""321 York Bypass North Williamstad Ga 55951"""
459,"""Tammy Simmons""",noemail@example.com,0000000000,"""227 Huerta Walk Suite 601 West Joelstad Va 97955"""
480,"""Austin Smith""","""danielle93@peterson-odom.com""",0000000000,"""4752 King Cove Lake Anthony Ne 16290"""
127,"""Mary Wright""",donna72@henry.com,0000000000,"""2961 Green Run Apt. 671 Ericaberg Il 09749"""
483,"""Stephen Cook""",mariaweaver@yahoo.com,0000000000,"""551 Jackson Estate East Molly Wv 14432"""
179,"""Kristy Bishop""",tina69@salazar.com,0000000000,"""960 Williams Trafficway Dominguezchester Ne 72530"""
228,"""Travis Johnson""","""cwilliams@gonzalez-wise.org""",0000000000,"""563 Tracie Union Suite 748 South Allenfurt Mt 52970"""
361,"""David Baker""",noemail@example.com,0000000000,"""648 Aaron Ports West Amanda Ut 66274"""
164,"""Kelly Allen""",ubray@hotmail.com,0000000000,"""6371 Clark Ramp Kathleenport Nh 86391"""
334,"""Matthew Giles""","""marksanders@fischer-friedman.net""",0000000000,"""Usns Mcclain Fpo Ae 43870"""
67,"""Kathy Evans""",robertking@hotmail.com,0000000000,"""Uss Boyd Fpo Aa 61120"""
213,"""Matthew Duncan""",whoffman@clark.com,0000000000,"""Unit 0487 Box 3682 Dpo Aa 80077"""
113,"""Christopher Gill""",bjones@hotmail.com,0000000000,"""3639 Brian Landing Phillipsberg Il 84654"""
211,"""James White""",copelandryan@gmail.com,0000000000,"""2480 Browning Springs Suite 406 North Kimberly Dc 36515"""
158,"""Ryan Durham""",ygarcia@gutierrez.com,0000000000,"""55799 Eric Streets Saraborough Ak 70749"""
106,"""Melissa Clark""",brooksbarbara@gmail.com,0000000000,"""59999 Baird Ford Brownfurt Nj 14740"""
421,"""Emily Ortega""",ryanford@hotmail.com,6294206615,"""851 Jamie Coves Lake Amanda Az 06216"""
459,"""Tammy Simmons""",noemail@example.com,5076653446,"""227 Huerta Walk Suite 601 West Joelstad Va 97955"""
330,"""Joshua Miller""",melissanolan@gregory.org,0613638527,"""Not Provided"""
148,"""Patricia West""",kelly96@macdonald.biz,3991297102,"""171 Edwards Hill Apt. 149 Michaelland Vt 60891"""
472,"""Kelly Long""","""briancook@waters-green.com""",8927396159,"""0535 Cole Street Suite 897 Pagestad Ga 57692"""
493,"""Stephen Harris""",vdavis@ferguson.org,4203983135,"""45996 Johnson Light North Christina Nd 58066"""
6,"""Dr. Steve James""",jwelch@gmail.com,0000000000,"""7598 Gutierrez Ferry Apt. 234 East Garrettville Ca 62522"""
367,"""Jason Haynes""",sandersmatthew@reed.biz,0000000000,"""9160 Christian Harbors North Nathanhaven Ks 70415"""
353,"""Breanna Patrick""",csmith@hotmail.com,0000000000,"""72680 Zachary Valleys Suite 712 Port Jennifermouth Ar 61247"""
332,"""Ronald Mueller""","""katherinedelacruz@gmail.com""",3182856053,"""079 Powell Crest Suite 706 Youngfurt Wi 19708"""
334,"""Matthew Giles""","""marksanders@fischer-friedman.net""",8436998480,"""Usns Mcclain Fpo Ae 43870"""
428,"""Wayne Barnes""",michael72@lowe.com,0000000000,"""Not Provided"""
372,"""Virginia Rose""","""torrestricia@riley-anderson.info""",0000000000,"""424 Rebecca Village Apt. 972 East Ashley Fl 15276"""
19,"""Daniel Medina""",ana92@hale.net,4204394070,"""510 Dillon Run Suite 368 West Toddside Hi 26567"""
43,"""Heather Maldonado""",chensusan@gmail.com,0000000000,"""Psc 5717 Box 3203 Apo Ae 94838"""
456,"""Emily Bates""",mark29@yahoo.com,0340153534,"""5699 Campbell Squares Michellechester Fl 94363"""
93,"""Carol Brown""",carla65@hotmail.com,0000000000,"""84639 Henson Junctions Tiffanymouth Ia 87306"""
184,"""Dr. Daniel Brown""",penny85@alexander.com,0000000000,"""304 Smith Vista Amberton Ia 46340"""
103,"""Nicole Brooks""",marcbrooks@hotmail.com,0000000000,"""254 Dennis Corner Suite 785 New Blake Ri 44590"""
226,"""Katherine Andrews""",noemail@example.com,7931647725,"""8606 Smith Village Suite 003 Ronaldview In 77096"""
272,"""Faith Howard""",rmolina@gmail.com,5829582923,"""61880 Barbara Glens Apt. 357 West Jessicastad Mo 69067"""
315,"""Roger Roberts""","""nicolas08@mcdonald-williams.com""",0000000000,"""136 Lauren Pass Apt. 550 Kyleburgh Ok 49695"""
415,"""Nicholas Martinez""",adiaz@yahoo.com,0000000000,"""Not Provided"""
11,"""Christina Clay""",youngryan@jackson.org,0000000000,"""Not Provided"""
263,"""Loretta Miller""",umorrison@yahoo.com,0000000000,"""9782 Frye Oval Suite 983 New Cassie Va 08439"""
18,"""Laura Rodriguez""",mdiaz@yahoo.com,0000000000,"""110 Stacy Drive Alexanderville Nv 62260"""
234,"""Kerry Williams""",noemail@example.com,0000000000,"""7524 Charles Station Suite 399 North Karinaberg Nj 21505"""
157,"""Leslie Johnson""",ujohnson@lucero.com,0000000000,"""Not Provided"""
156,"""Christopher Armstrong""",angelamyers@hotmail.com,0000000000,"""196 Hood Estate Jamesland Ne 02013"""
261,"""Alan Kennedy""",james76@gmail.com,0000000000,"""794 Joe Park Apt. 670 Crystalmouth Me 90161"""
498,"""Daniel Duran""",graveslisa@yahoo.com,0000000000,"""2323 Johnson Lodge Suite 998 Campbellland Mn 76716"""
219,"""Eric Walker""",santosmichael@yahoo.com,0000000000,"""79833 Robles Falls East Hannah Hi 05774"""
139,"""Erika Potts""",rickycarr@yahoo.com,0000000000,"""498 Lisa Forges Suite 439 Moorebury Va 57373"""
159,"""Jorge Hernandez""",roachanthony@gmail.com,1244731584,"""8634 James Vista Suite 619 Gabrielborough Nm 57316"""
225,"""Kristina Gonzales""",angela40@gmail.com,0000000000,"""16667 Marie Circle Allenchester Ny 43370"""
64,"""Samuel Ramos""","""thompsondonna@dyer-martin.biz""",4671978897,"""064 Garza Lane Katieport Ar 04190"""
457,"""Anthony Taylor""",jasmineryan@barker.com,4026208581,"""73536 Moore Forges Suite 700 Christopherville Oh 18784"""
166,"""Amy Nelson""","""wongjessica@lee-lopez.com""",0000000000,"""Psc 9431 Box 8143 Apo Ap 92187"""
441,"""Ronald Edwards""",awoodward@flores.com,0000000000,"""1360 Hannah Islands Apt. 810 Markberg Il 94169"""
497,"""Miss Sheri Yoder Md""",noemail@example.com,3753028497,"""96702 Allen Island Port Kathy Me 06009"""
396,"""Amanda Norris""",mccarthymichael@rice.com,0000000000,"""Unit 6597 Box 4669 Dpo Ap 50610"""
67,"""Kathy Evans""",robertking@hotmail.com,0000000000,"""Uss Boyd Fpo Aa 61120"""
13,"""Mr. Louis Morris Dds""",millscarl@white.com,0000000000,"""91037 Taylor Route Apt. 586 Lauraton Ri 35341"""
174,"""Charles Garner""",williamlyons@alvarez.com,0000000000,"""94097 Rebecca Knoll Apt. 774 East Michaelhaven Mi 93067"""
270,"""Stephen Neal""",andrew97@gmail.com,6007676209,"""Psc 1447 Box 3404 Apo Ae 31279"""
374,"""Thomas Young""",debra19@hotmail.com,0000000000,"""6205 Harding Summit Kimland Ak 90813"""
95,"""Rhonda Walker""",noemail@example.com,0000000000,"""92124 Nicole Stream Jamestown Tx 70354"""
304,"""Robert Sullivan""",erik83@cook.org,3228360849,"""Not Provided"""
394,"""Andrew Sanford""",gailjacobs@gmail.com,5049627322,"""14243 Wade Village Suite 854 North Erin Ny 83893"""
35,"""Steven Faulkner""",daniel40@reynolds.biz,0000000000,"""2201 Douglas Oval Proctorberg Dc 84681"""
360,"""Paul Lane""",adamsbrianna@gmail.com,0000000000,"""6517 White Route New Saraport Ri 49825"""
309,"""Keith Taylor""",harrisrobert@hotmail.com,0000000000,"""49731 Mclean Ridge Apt. 149 North Thomas Nd 22394"""
2,"""Tonya Ellis""",olsonjonathan@yahoo.com,5880434165,"""5539 White Summit South Jillian Wa 32227"""
3,"""Christine Harris""",eric11@lowe.info,7595794728,"""208 Mendoza Plains New Michaelburgh De 92021"""
469,"""Wyatt Henry""",floresjohn@yahoo.com,0000000000,"""2609 Martin Street Suite 024 Ryanstad Ky 55924"""
449,"""George Sparks""",egriffith@hotmail.com,0000000000,"""59007 Christina Corners Port Kimberly Nv 23001"""
83,"""Scott Gordon""",ryan93@hoffman.com,0000000000,"""081 Crystal Ways West Eric Vt 58371"""
41,"""Kristopher Shannon""",noemail@example.com,0000000000,"""0665 Jonathan Via Gregoryland Id 80494"""
105,"""Eric Ochoa""",janicebolton@hotmail.com,0000000000,"""3898 Sharp Mountain Latoyamouth Id 56703"""
65,"""Bethany Richardson""","""oscar65@jenkins-brown.com""",0000000000,"""6986 Smith Mountains West Nicholasfurt Ok 13310"""
265,"""Charles Decker""",fullerdebbie@yahoo.com,5904599080,"""1122 Alexandra Station North Karen Ma 11138"""
253,"""Teresa Reynolds""",bensonpaul@hotmail.com,4926932657,"""5998 Erica Turnpike North Andrewton Co 41565"""
144,"""Colleen Miller""",harrismelissa@yahoo.com,0000000000,"""Not Provided"""
159,"""Jorge Hernandez""",roachanthony@gmail.com,0000000000,"""8634 James Vista Suite 619 Gabrielborough Nm 57316"""
419,"""Justin White""",mercedes22@bennett.com,0000000000,"""Not Provided"""
476,"""Michael Esparza""",ambermiller@hotmail.com,0000000000,"""5272 Kelly Ford Suite 499 Andrewtown Nd 57497"""
290,"""Lydia Watson""",ncook@yahoo.com,0000000000,"""65742 Kathleen Flat New Patrickfurt Az 06269"""
260,"""Lisa Chung""",shannon75@yahoo.com,0000000000,"""2266 Morgan Turnpike Suite 626 Alexisburgh Or 24606"""
212,"""Kyle Daugherty""",walkerandrew@yahoo.com,0000000000,"""5557 Steven Summit Clarkburgh Ms 34015"""
497,"""Miss Sheri Yoder Md""",noemail@example.com,0000000000,"""96702 Allen Island Port Kathy Me 06009"""
350,"""Joshua Guerrero""",kimberly12@yahoo.com,0000000000,"""29462 Mary Ramp Apt. 556 Port Judytown Il 94305"""
202,"""Brittany Fitzgerald""",barnesmegan@ramos.com,0000000000,"""38241 Scott Harbor Lake William Sc 98389"""
421,"""Emily Ortega""",ryanford@hotmail.com,0000000000,"""851 Jamie Coves Lake Amanda Az 06216"""
288,"""Krista Barber""",kristin96@yahoo.com,0000000000,"""57303 Hampton Terrace Apt. 792 Randyberg In 58045"""
145,"""David Smith""",kathyharrison@gmail.com,5704120092,"""6784 Fletcher Manors West Teresa Ms 16902"""
237,"""Mary Garcia""",qobrien@yahoo.com,0000000000,"""0577 Shelby Via Suite 039 North Crystal Ct 38810"""
146,"""Jennifer Brown""","""lynndaugherty@hotmail.com""",7756620563,"""59503 Martin Coves East Carlaport Oh 26941"""
100,"""Kylie Rogers""",gmurphy@yahoo.com,7303379337,"""636 Margaret Avenue Suite 015 New Dariusport Id 83251"""
115,"""Nathan Sanchez""",kevinray@harris.com,0000000000,"""828 Jonathan Mountain Suite 746 Jonesberg Nj 26153"""
134,"""Erika Duran""",ganderson@gmail.com,0000000000,"""7163 Jessica Ferry Apt. 414 Lake Lori Nj 93098"""
-,"""Erika Duran""",ganderson@gmail.com,0000000000,
